,Country,1990,1991,1992,1993,1994,1995,1996,1997,1998,1999,2000,2001,2002,2003,2004,2005,2006,2007,2008,2009,2010,2011,2012,2013,2014,2015,2016,2017,2018,2019
0,Afghanistan,21.011127,21.011127,21.011127,21.011127,21.011127,21.011127,21.011127,21.011127,21.011127,21.011127,21.011127,21.011127,21.011127,21.011127,21.011127,21.011127,21.011127,21.011127,21.011127,21.011127,21.011127,21.011127,21.011127,21.011127,21.011127,21.011127,21.011127,21.011127,21.011127,21.011127
1,African Region (WHO),21.011127,21.011127,21.011127,21.011127,21.011127,21.011127,21.011127,21.011127,21.011127,21.011127,21.011127,21.011127,21.011127,21.011127,21.011127,21.011127,21.011127,21.011127,21.011127,21.011127,21.011127,21.011127,21.011127,21.011127,21.011127,21.011127,21.011127,21.011127,21.011127,21.011127
2,Albania,21.011127,21.011127,21.011127,21.011127,21.011127,21.011127,21.011127,21.011127,21.011127,21.011127,21.011127,21.011127,21.011127,21.011127,21.011127,21.011127,21.011127,21.011127,21.011127,21.011127,21.011127,21.011127,21.011127,21.011127,21.011127,21.011127,21.011127,21.011127,21.011127,21.011127
3,Algeria,21.011127,21.011127,21.011127,21.011127,21.011127,21.011127,21.011127,21.011127,21.011127,21.011127,21.011127,21.011127,21.011127,21.011127,21.011127,21.011127,21.011127,21.011127,21.011127,21.011127,21.011127,21.011127,21.011127,21.011127,21.011127,21.011127,21.011127,21.011127,21.011127,21.011127
4,American Samoa,21.011127,21.011127,21.011127,21.011127,21.011127,21.011127,21.011127,21.011127,21.011127,21.011127,21.011127,21.011127,21.011127,21.011127,21.011127,21.011127,21.011127,21.011127,21.011127,21.011127,21.011127,21.011127,21.011127,21.011127,21.011127,21.011127,21.011127,21.011127,21.011127,21.011127
5,Andorra,21.011127,21.011127,21.011127,21.011127,21.011127,21.011127,21.011127,21.011127,21.011127,21.011127,21.011127,21.011127,21.011127,21.011127,21.011127,21.011127,21.011127,21.011127,21.011127,21.011127,21.011127,21.011127,21.011127,21.011127,21.011127,21.011127,21.011127,21.011127,21.011127,21.011127
6,Angola,21.011127,21.011127,21.011127,21.011127,21.011127,21.011127,21.011127,21.011127,21.011127,21.011127,21.011127,21.011127,21.011127,21.011127,21.011127,21.011127,21.011127,21.011127,21.011127,21.011127,21.011127,21.011127,21.011127,21.011127,21.011127,21.011127,21.011127,21.011127,21.011127,21.011127
7,Antigua and Barbuda,21.011127,21.011127,21.011127,21.011127,21.011127,21.011127,21.011127,21.011127,21.011127,21.011127,21.011127,21.011127,21.011127,21.011127,21.011127,21.011127,21.011127,21.011127,21.011127,21.011127,21.011127,21.011127,21.011127,21.011127,21.011127,21.011127,21.011127,21.011127,21.011127,21.011127
8,Argentina,21.011127,21.011127,21.011127,21.011127,21.011127,21.011127,21.011127,21.011127,21.011127,21.011127,21.011127,21.011127,21.011127,21.011127,21.011127,21.011127,21.011127,21.011127,21.011127,21.011127,21.011127,21.011127,21.011127,21.011127,21.011127,21.011127,21.011127,21.011127,21.011127,21.011127
9,Armenia,21.011127,21.011127,21.011127,21.011127,21.011127,21.011127,21.011127,21.011127,21.011127,21.011127,21.011127,21.011127,21.011127,21.011127,21.011127,21.011127,21.011127,21.011127,21.011127,21.011127,21.011127,21.011127,21.011127,21.011127,21.011127,21.011127,21.011127,21.011127,21.011127,21.011127
10,Australia,21.011127,21.011127,21.011127,21.011127,21.011127,21.011127,21.011127,21.011127,21.011127,21.011127,21.011127,21.011127,21.011127,21.011127,21.011127,21.011127,21.011127,21.011127,21.011127,21.011127,21.011127,21.011127,21.011127,21.011127,21.011127,21.011127,21.011127,21.011127,21.011127,21.011127
11,Austria,21.011127,21.011127,21.011127,21.011127,21.011127,21.011127,21.011127,21.011127,21.011127,21.011127,21.011127,21.011127,21.011127,21.011127,21.011127,21.011127,21.011127,21.011127,21.011127,21.011127,21.011127,21.011127,21.011127,21.011127,21.011127,21.011127,21.011127,21.011127,21.011127,21.011127
12,Azerbaijan,21.011127,21.011127,21.011127,21.011127,21.011127,21.011127,21.011127,21.011127,21.011127,21.011127,21.011127,21.011127,21.011127,21.011127,21.011127,21.011127,21.011127,21.011127,21.011127,21.011127,21.011127,21.011127,21.011127,21.011127,21.011127,21.011127,21.011127,21.011127,21.011127,21.011127
13,Bahamas,21.011127,21.011127,21.011127,21.011127,21.011127,21.011127,21.011127,21.011127,21.011127,21.011127,21.011127,21.011127,21.011127,21.011127,21.011127,21.011127,21.011127,21.011127,21.011127,21.011127,21.011127,21.011127,21.011127,21.011127,21.011127,21.011127,21.011127,21.011127,21.011127,21.011127
14,Bahrain,21.011127,21.011127,21.011127,21.011127,21.011127,21.011127,21.011127,21.011127,21.011127,21.011127,21.011127,21.011127,21.011127,21.011127,21.011127,21.011127,21.011127,21.011127,21.011127,21.011127,21.011127,21.011127,21.011127,21.011127,21.011127,21.011127,21.011127,21.011127,21.011127,21.011127
15,Bangladesh,21.011127,21.011127,21.011127,21.011127,21.011127,21.011127,21.011127,21.011127,21.011127,21.011127,21.011127,21.011127,21.011127,21.011127,21.011127,21.011127,21.011127,21.011127,21.011127,21.011127,21.011127,21.011127,21.011127,21.011127,21.011127,21.011127,21.011127,21.011127,21.011127,21.011127
16,Barbados,21.011127,21.011127,21.011127,21.011127,21.011127,21.011127,21.011127,21.011127,21.011127,21.011127,21.011127,21.011127,21.011127,21.011127,21.011127,21.011127,21.011127,21.011127,21.011127,21.011127,21.011127,21.011127,21.011127,21.011127,21.011127,21.011127,21.011127,21.011127,21.011127,21.011127
17,Belarus,21.011127,21.011127,21.011127,21.011127,21.011127,21.011127,21.011127,21.011127,21.011127,21.011127,21.011127,21.011127,21.011127,21.011127,21.011127,21.011127,21.011127,21.011127,21.011127,21.011127,21.011127,21.011127,21.011127,21.011127,21.011127,21.011127,21.011127,21.011127,21.011127,21.011127
18,Belgium,21.011127,21.011127,21.011127,21.011127,21.011127,21.011127,21.011127,21.011127,21.011127,21.011127,21.011127,21.011127,21.011127,21.011127,21.011127,21.011127,21.011127,21.011127,21.011127,21.011127,21.011127,21.011127,21.011127,21.011127,21.011127,21.011127,21.011127,21.011127,21.011127,21.011127
19,Belize,21.011127,21.011127,21.011127,21.011127,21.011127,21.011127,21.011127,21.011127,21.011127,21.011127,21.011127,21.011127,21.011127,21.011127,21.011127,21.011127,21.011127,21.011127,21.011127,21.011127,21.011127,21.011127,21.011127,21.011127,21.011127,21.011127,21.011127,21.011127,21.011127,21.011127
20,Benin,21.011127,21.011127,21.011127,21.011127,21.011127,21.011127,21.011127,21.011127,21.011127,21.011127,21.011127,21.011127,21.011127,21.011127,21.011127,21.011127,21.011127,21.011127,21.011127,21.011127,21.011127,21.011127,21.011127,21.011127,21.011127,21.011127,21.011127,21.011127,21.011127,21.011127
21,Bermuda,21.011127,21.011127,21.011127,21.011127,21.011127,21.011127,21.011127,21.011127,21.011127,21.011127,21.011127,21.011127,21.011127,21.011127,21.011127,21.011127,21.011127,21.011127,21.011127,21.011127,21.011127,21.011127,21.011127,21.011127,21.011127,21.011127,21.011127,21.011127,21.011127,21.011127
22,Bhutan,21.011127,21.011127,21.011127,21.011127,21.011127,21.011127,21.011127,21.011127,21.011127,21.011127,21.011127,21.011127,21.011127,21.011127,21.011127,21.011127,21.011127,21.011127,21.011127,21.011127,21.011127,21.011127,21.011127,21.011127,21.011127,21.011127,21.011127,21.011127,21.011127,21.011127
23,Bolivia,21.011127,21.011127,21.011127,21.011127,21.011127,21.011127,21.011127,21.011127,21.011127,21.011127,21.011127,21.011127,21.011127,21.011127,21.011127,21.011127,21.011127,21.011127,21.011127,21.011127,21.011127,21.011127,21.011127,21.011127,21.011127,21.011127,21.011127,21.011127,21.011127,21.011127
24,Bosnia and Herzegovina,21.011127,21.011127,21.011127,21.011127,21.011127,21.011127,21.011127,21.011127,21.011127,21.011127,21.011127,21.011127,21.011127,21.011127,21.011127,21.011127,21.011127,21.011127,21.011127,21.011127,21.011127,21.011127,21.011127,21.011127,21.011127,21.011127,21.011127,21.011127,21.011127,21.011127
25,Botswana,21.011127,21.011127,21.011127,21.011127,21.011127,21.011127,21.011127,21.011127,21.011127,21.011127,21.011127,21.011127,21.011127,21.011127,21.011127,21.011127,21.011127,21.011127,21.011127,21.011127,21.011127,21.011127,21.011127,21.011127,21.011127,21.011127,21.011127,21.011127,21.011127,21.011127
26,Brazil,21.011127,21.011127,21.011127,21.011127,21.011127,21.011127,21.011127,21.011127,21.011127,21.011127,21.011127,21.011127,21.011127,21.011127,21.011127,21.011127,21.011127,21.011127,21.011127,21.011127,21.011127,21.011127,21.011127,21.011127,21.011127,21.011127,21.011127,21.011127,21.011127,21.011127
27,Brunei,21.011127,21.011127,21.011127,21.011127,21.011127,21.011127,21.011127,21.011127,21.011127,21.011127,21.011127,21.011127,21.011127,21.011127,21.011127,21.011127,21.011127,21.011127,21.011127,21.011127,21.011127,21.011127,21.011127,21.011127,21.011127,21.011127,21.011127,21.011127,21.011127,21.011127
28,Bulgaria,21.011127,21.011127,21.011127,21.011127,21.011127,21.011127,21.011127,21.011127,21.011127,21.011127,21.011127,21.011127,21.011127,21.011127,21.011127,21.011127,21.011127,21.011127,21.011127,21.011127,21.011127,21.011127,21.011127,21.011127,21.011127,21.011127,21.011127,21.011127,21.011127,21.011127
29,Burkina Faso,21.011127,21.011127,21.011127,21.011127,21.011127,21.011127,21.011127,21.011127,21.011127,21.011127,21.011127,21.011127,21.011127,21.011127,21.011127,21.011127,21.011127,21.011127,21.011127,21.011127,21.011127,21.011127,21.011127,21.011127,21.011127,21.011127,21.011127,21.011127,21.011127,21.011127
30,Burundi,21.011127,21.011127,21.011127,21.011127,21.011127,21.011127,21.011127,21.011127,21.011127,21.011127,21.011127,21.011127,21.011127,21.011127,21.011127,21.011127,21.011127,21.011127,21.011127,21.011127,21.011127,21.011127,21.011127,21.011127,21.011127,21.011127,21.011127,21.011127,21.011127,21.011127
31,Cambodia,21.011127,21.011127,21.011127,21.011127,21.011127,21.011127,21.011127,21.011127,21.011127,21.011127,21.011127,21.011127,21.011127,21.011127,21.011127,21.011127,21.011127,21.011127,21.011127,21.011127,21.011127,21.011127,21.011127,21.011127,21.011127,21.011127,21.011127,21.011127,21.011127,21.011127
32,Cameroon,21.011127,21.011127,21.011127,21.011127,21.011127,21.011127,21.011127,21.011127,21.011127,21.011127,21.011127,21.011127,21.011127,21.011127,21.011127,21.011127,21.011127,21.011127,21.011127,21.011127,21.011127,21.011127,21.011127,21.011127,21.011127,21.011127,21.011127,21.011127,21.011127,21.011127
33,Canada,21.011127,21.011127,21.011127,21.011127,21.011127,21.011127,21.011127,21.011127,21.011127,21.011127,21.011127,21.011127,21.011127,21.011127,21.011127,21.011127,21.011127,21.011127,21.011127,21.011127,21.011127,21.011127,21.011127,21.011127,21.011127,21.011127,21.011127,21.011127,21.011127,21.011127
34,Cape Verde,21.011127,21.011127,21.011127,21.011127,21.011127,21.011127,21.011127,21.011127,21.011127,21.011127,21.011127,21.011127,21.011127,21.011127,21.011127,21.011127,21.011127,21.011127,21.011127,21.011127,21.011127,21.011127,21.011127,21.011127,21.011127,21.011127,21.011127,21.011127,21.011127,21.011127
35,Central African Republic,21.011127,21.011127,21.011127,21.011127,21.011127,21.011127,21.011127,21.011127,21.011127,21.011127,21.011127,21.011127,21.011127,21.011127,21.011127,21.011127,21.011127,21.011127,21.011127,21.011127,21.011127,21.011127,21.011127,21.011127,21.011127,21.011127,21.011127,21.011127,21.011127,21.011127
36,Chad,21.011127,21.011127,21.011127,21.011127,21.011127,21.011127,21.011127,21.011127,21.011127,21.011127,21.011127,21.011127,21.011127,21.011127,21.011127,21.011127,21.011127,21.011127,21.011127,21.011127,21.011127,21.011127,21.011127,21.011127,21.011127,21.011127,21.011127,21.011127,21.011127,21.011127
37,Chile,21.011127,21.011127,21.011127,21.011127,21.011127,21.011127,21.011127,21.011127,21.011127,21.011127,21.011127,21.011127,21.011127,21.011127,21.011127,21.011127,21.011127,21.011127,21.011127,21.011127,21.011127,21.011127,21.011127,21.011127,21.011127,21.011127,21.011127,21.011127,21.011127,21.011127
38,China,21.011127,21.011127,21.011127,21.011127,21.011127,21.011127,21.011127,21.011127,21.011127,21.011127,21.011127,21.011127,21.011127,21.011127,21.011127,21.011127,21.011127,21.011127,21.011127,21.011127,21.011127,21.011127,21.011127,21.011127,21.011127,21.011127,21.011127,21.011127,21.011127,21.011127
39,Colombia,21.011127,21.011127,21.011127,21.011127,21.011127,21.011127,21.011127,21.011127,21.011127,21.011127,21.011127,21.011127,21.011127,21.011127,21.011127,21.011127,21.011127,21.011127,21.011127,21.011127,21.011127,21.011127,21.011127,21.011127,21.011127,21.011127,21.011127,21.011127,21.011127,21.011127
40,Comoros,21.011127,21.011127,21.011127,21.011127,21.011127,21.011127,21.011127,21.011127,21.011127,21.011127,21.011127,21.011127,21.011127,21.011127,21.011127,21.011127,21.011127,21.011127,21.011127,21.011127,21.011127,21.011127,21.011127,21.011127,21.011127,21.011127,21.011127,21.011127,21.011127,21.011127
41,Congo,21.011127,21.011127,21.011127,21.011127,21.011127,21.011127,21.011127,21.011127,21.011127,21.011127,21.011127,21.011127,21.011127,21.011127,21.011127,21.011127,21.011127,21.011127,21.011127,21.011127,21.011127,21.011127,21.011127,21.011127,21.011127,21.011127,21.011127,21.011127,21.011127,21.011127
42,Cook Islands,21.011127,21.011127,21.011127,21.011127,21.011127,21.011127,21.011127,21.011127,21.011127,21.011127,21.011127,21.011127,21.011127,21.011127,21.011127,21.011127,21.011127,21.011127,21.011127,21.011127,21.011127,21.011127,21.011127,21.011127,21.011127,21.011127,21.011127,21.011127,21.011127,21.011127
43,Costa Rica,21.011127,21.011127,21.011127,21.011127,21.011127,21.011127,21.011127,21.011127,21.011127,21.011127,21.011127,21.011127,21.011127,21.011127,21.011127,21.011127,21.011127,21.011127,21.011127,21.011127,21.011127,21.011127,21.011127,21.011127,21.011127,21.011127,21.011127,21.011127,21.011127,21.011127
44,Cote d'Ivoire,21.011127,21.011127,21.011127,21.011127,21.011127,21.011127,21.011127,21.011127,21.011127,21.011127,21.011127,21.011127,21.011127,21.011127,21.011127,21.011127,21.011127,21.011127,21.011127,21.011127,21.011127,21.011127,21.011127,21.011127,21.011127,21.011127,21.011127,21.011127,21.011127,21.011127
45,Croatia,21.011127,21.011127,21.011127,21.011127,21.011127,21.011127,21.011127,21.011127,21.011127,21.011127,21.011127,21.011127,21.011127,21.011127,21.011127,21.011127,21.011127,21.011127,21.011127,21.011127,21.011127,21.011127,21.011127,21.011127,21.011127,21.011127,21.011127,21.011127,21.011127,21.011127
46,Cuba,21.011127,21.011127,21.011127,21.011127,21.011127,21.011127,21.011127,21.011127,21.011127,21.011127,21.011127,21.011127,21.011127,21.011127,21.011127,21.011127,21.011127,21.011127,21.011127,21.011127,21.011127,21.011127,21.011127,21.011127,21.011127,21.011127,21.011127,21.011127,21.011127,21.011127
47,Cyprus,21.011127,21.011127,21.011127,21.011127,21.011127,21.011127,21.011127,21.011127,21.011127,21.011127,21.011127,21.011127,21.011127,21.011127,21.011127,21.011127,21.011127,21.011127,21.011127,21.011127,21.011127,21.011127,21.011127,21.011127,21.011127,21.011127,21.011127,21.011127,21.011127,21.011127
48,Czechia,21.011127,21.011127,21.011127,21.011127,21.011127,21.011127,21.011127,21.011127,21.011127,21.011127,21.011127,21.011127,21.011127,21.011127,21.011127,21.011127,21.011127,21.011127,21.011127,21.011127,21.011127,21.011127,21.011127,21.011127,21.011127,21.011127,21.011127,21.011127,21.011127,21.011127
49,Democratic Republic of Congo,21.011127,21.011127,21.011127,21.011127,21.011127,21.011127,21.011127,21.011127,21.011127,21.011127,21.011127,21.011127,21.011127,21.011127,21.011127,21.011127,21.011127,21.011127,21.011127,21.011127,21.011127,21.011127,21.011127,21.011127,21.011127,21.011127,21.011127,21.011127,21.011127,21.011127
50,Denmark,21.011127,21.011127,21.011127,21.011127,21.011127,21.011127,21.011127,21.011127,21.011127,21.011127,21.011127,21.011127,21.011127,21.011127,21.011127,21.011127,21.011127,21.011127,21.011127,21.011127,21.011127,21.011127,21.011127,21.011127,21.011127,21.011127,21.011127,21.011127,21.011127,21.011127
51,Djibouti,21.011127,21.011127,21.011127,21.011127,21.011127,21.011127,21.011127,21.011127,21.011127,21.011127,21.011127,21.011127,21.011127,21.011127,21.011127,21.011127,21.011127,21.011127,21.011127,21.011127,21.011127,21.011127,21.011127,21.011127,21.011127,21.011127,21.011127,21.011127,21.011127,21.011127
52,Dominica,21.011127,21.011127,21.011127,21.011127,21.011127,21.011127,21.011127,21.011127,21.011127,21.011127,21.011127,21.011127,21.011127,21.011127,21.011127,21.011127,21.011127,21.011127,21.011127,21.011127,21.011127,21.011127,21.011127,21.011127,21.011127,21.011127,21.011127,21.011127,21.011127,21.011127
53,Dominican Republic,21.011127,21.011127,21.011127,21.011127,21.011127,21.011127,21.011127,21.011127,21.011127,21.011127,21.011127,21.011127,21.011127,21.011127,21.011127,21.011127,21.011127,21.011127,21.011127,21.011127,21.011127,21.011127,21.011127,21.011127,21.011127,21.011127,21.011127,21.011127,21.011127,21.011127
54,East Asia & Pacific (WB),21.011127,21.011127,21.011127,21.011127,21.011127,21.011127,21.011127,21.011127,21.011127,21.011127,21.011127,21.011127,21.011127,21.011127,21.011127,21.011127,21.011127,21.011127,21.011127,21.011127,21.011127,21.011127,21.011127,21.011127,21.011127,21.011127,21.011127,21.011127,21.011127,21.011127
55,East Timor,21.011127,21.011127,21.011127,21.011127,21.011127,21.011127,21.011127,21.011127,21.011127,21.011127,21.011127,21.011127,21.011127,21.011127,21.011127,21.011127,21.011127,21.011127,21.011127,21.011127,21.011127,21.011127,21.011127,21.011127,21.011127,21.011127,21.011127,21.011127,21.011127,21.011127
56,Eastern Mediterranean Region (WHO),21.011127,21.011127,21.011127,21.011127,21.011127,21.011127,21.011127,21.011127,21.011127,21.011127,21.011127,21.011127,21.011127,21.011127,21.011127,21.011127,21.011127,21.011127,21.011127,21.011127,21.011127,21.011127,21.011127,21.011127,21.011127,21.011127,21.011127,21.011127,21.011127,21.011127
57,Ecuador,21.011127,21.011127,21.011127,21.011127,21.011127,21.011127,21.011127,21.011127,21.011127,21.011127,21.011127,21.011127,21.011127,21.011127,21.011127,21.011127,21.011127,21.011127,21.011127,21.011127,21.011127,21.011127,21.011127,21.011127,21.011127,21.011127,21.011127,21.011127,21.011127,21.011127
58,Egypt,21.011127,21.011127,21.011127,21.011127,21.011127,21.011127,21.011127,21.011127,21.011127,21.011127,21.011127,21.011127,21.011127,21.011127,21.011127,21.011127,21.011127,21.011127,21.011127,21.011127,21.011127,21.011127,21.011127,21.011127,21.011127,21.011127,21.011127,21.011127,21.011127,21.011127
59,El Salvador,21.011127,21.011127,21.011127,21.011127,21.011127,21.011127,21.011127,21.011127,21.011127,21.011127,21.011127,21.011127,21.011127,21.011127,21.011127,21.011127,21.011127,21.011127,21.011127,21.011127,21.011127,21.011127,21.011127,21.011127,21.011127,21.011127,21.011127,21.011127,21.011127,21.011127
60,England,21.011127,21.011127,21.011127,21.011127,21.011127,21.011127,21.011127,21.011127,21.011127,21.011127,21.011127,21.011127,21.011127,21.011127,21.011127,21.011127,21.011127,21.011127,21.011127,21.011127,21.011127,21.011127,21.011127,21.011127,21.011127,21.011127,21.011127,21.011127,21.011127,21.011127
61,Equatorial Guinea,21.011127,21.011127,21.011127,21.011127,21.011127,21.011127,21.011127,21.011127,21.011127,21.011127,21.011127,21.011127,21.011127,21.011127,21.011127,21.011127,21.011127,21.011127,21.011127,21.011127,21.011127,21.011127,21.011127,21.011127,21.011127,21.011127,21.011127,21.011127,21.011127,21.011127
62,Eritrea,21.011127,21.011127,21.011127,21.011127,21.011127,21.011127,21.011127,21.011127,21.011127,21.011127,21.011127,21.011127,21.011127,21.011127,21.011127,21.011127,21.011127,21.011127,21.011127,21.011127,21.011127,21.011127,21.011127,21.011127,21.011127,21.011127,21.011127,21.011127,21.011127,21.011127
63,Estonia,21.011127,21.011127,21.011127,21.011127,21.011127,21.011127,21.011127,21.011127,21.011127,21.011127,21.011127,21.011127,21.011127,21.011127,21.011127,21.011127,21.011127,21.011127,21.011127,21.011127,21.011127,21.011127,21.011127,21.011127,21.011127,21.011127,21.011127,21.011127,21.011127,21.011127
64,Eswatini,21.011127,21.011127,21.011127,21.011127,21.011127,21.011127,21.011127,21.011127,21.011127,21.011127,21.011127,21.011127,21.011127,21.011127,21.011127,21.011127,21.011127,21.011127,21.011127,21.011127,21.011127,21.011127,21.011127,21.011127,21.011127,21.011127,21.011127,21.011127,21.011127,21.011127
65,Ethiopia,21.011127,21.011127,21.011127,21.011127,21.011127,21.011127,21.011127,21.011127,21.011127,21.011127,21.011127,21.011127,21.011127,21.011127,21.011127,21.011127,21.011127,21.011127,21.011127,21.011127,21.011127,21.011127,21.011127,21.011127,21.011127,21.011127,21.011127,21.011127,21.011127,21.011127
66,Europe & Central Asia (WB),21.011127,21.011127,21.011127,21.011127,21.011127,21.011127,21.011127,21.011127,21.011127,21.011127,21.011127,21.011127,21.011127,21.011127,21.011127,21.011127,21.011127,21.011127,21.011127,21.011127,21.011127,21.011127,21.011127,21.011127,21.011127,21.011127,21.011127,21.011127,21.011127,21.011127
67,European Region (WHO),21.011127,21.011127,21.011127,21.011127,21.011127,21.011127,21.011127,21.011127,21.011127,21.011127,21.011127,21.011127,21.011127,21.011127,21.011127,21.011127,21.011127,21.011127,21.011127,21.011127,21.011127,21.011127,21.011127,21.011127,21.011127,21.011127,21.011127,21.011127,21.011127,21.011127
68,Fiji,21.011127,21.011127,21.011127,21.011127,21.011127,21.011127,21.011127,21.011127,21.011127,21.011127,21.011127,21.011127,21.011127,21.011127,21.011127,21.011127,21.011127,21.011127,21.011127,21.011127,21.011127,21.011127,21.011127,21.011127,21.011127,21.011127,21.011127,21.011127,21.011127,21.011127
69,Finland,21.011127,21.011127,21.011127,21.011127,21.011127,21.011127,21.011127,21.011127,21.011127,21.011127,21.011127,21.011127,21.011127,21.011127,21.011127,21.011127,21.011127,21.011127,21.011127,21.011127,21.011127,21.011127,21.011127,21.011127,21.011127,21.011127,21.011127,21.011127,21.011127,21.011127
70,France,21.011127,21.011127,21.011127,21.011127,21.011127,21.011127,21.011127,21.011127,21.011127,21.011127,21.011127,21.011127,21.011127,21.011127,21.011127,21.011127,21.011127,21.011127,21.011127,21.011127,21.011127,21.011127,21.011127,21.011127,21.011127,21.011127,21.011127,21.011127,21.011127,21.011127
71,G20,21.011127,21.011127,21.011127,21.011127,21.011127,21.011127,21.011127,21.011127,21.011127,21.011127,21.011127,21.011127,21.011127,21.011127,21.011127,21.011127,21.011127,21.011127,21.011127,21.011127,21.011127,21.011127,21.011127,21.011127,21.011127,21.011127,21.011127,21.011127,21.011127,21.011127
72,Gabon,21.011127,21.011127,21.011127,21.011127,21.011127,21.011127,21.011127,21.011127,21.011127,21.011127,21.011127,21.011127,21.011127,21.011127,21.011127,21.011127,21.011127,21.011127,21.011127,21.011127,21.011127,21.011127,21.011127,21.011127,21.011127,21.011127,21.011127,21.011127,21.011127,21.011127
73,Gambia,21.011127,21.011127,21.011127,21.011127,21.011127,21.011127,21.011127,21.011127,21.011127,21.011127,21.011127,21.011127,21.011127,21.011127,21.011127,21.011127,21.011127,21.011127,21.011127,21.011127,21.011127,21.011127,21.011127,21.011127,21.011127,21.011127,21.011127,21.011127,21.011127,21.011127
74,Georgia,21.011127,21.011127,21.011127,21.011127,21.011127,21.011127,21.011127,21.011127,21.011127,21.011127,21.011127,21.011127,21.011127,21.011127,21.011127,21.011127,21.011127,21.011127,21.011127,21.011127,21.011127,21.011127,21.011127,21.011127,21.011127,21.011127,21.011127,21.011127,21.011127,21.011127
75,Germany,21.011127,21.011127,21.011127,21.011127,21.011127,21.011127,21.011127,21.011127,21.011127,21.011127,21.011127,21.011127,21.011127,21.011127,21.011127,21.011127,21.011127,21.011127,21.011127,21.011127,21.011127,21.011127,21.011127,21.011127,21.011127,21.011127,21.011127,21.011127,21.011127,21.011127
76,Ghana,21.011127,21.011127,21.011127,21.011127,21.011127,21.011127,21.011127,21.011127,21.011127,21.011127,21.011127,21.011127,21.011127,21.011127,21.011127,21.011127,21.011127,21.011127,21.011127,21.011127,21.011127,21.011127,21.011127,21.011127,21.011127,21.011127,21.011127,21.011127,21.011127,21.011127
77,Greece,21.011127,21.011127,21.011127,21.011127,21.011127,21.011127,21.011127,21.011127,21.011127,21.011127,21.011127,21.011127,21.011127,21.011127,21.011127,21.011127,21.011127,21.011127,21.011127,21.011127,21.011127,21.011127,21.011127,21.011127,21.011127,21.011127,21.011127,21.011127,21.011127,21.011127
78,Greenland,21.011127,21.011127,21.011127,21.011127,21.011127,21.011127,21.011127,21.011127,21.011127,21.011127,21.011127,21.011127,21.011127,21.011127,21.011127,21.011127,21.011127,21.011127,21.011127,21.011127,21.011127,21.011127,21.011127,21.011127,21.011127,21.011127,21.011127,21.011127,21.011127,21.011127
79,Grenada,21.011127,21.011127,21.011127,21.011127,21.011127,21.011127,21.011127,21.011127,21.011127,21.011127,21.011127,21.011127,21.011127,21.011127,21.011127,21.011127,21.011127,21.011127,21.011127,21.011127,21.011127,21.011127,21.011127,21.011127,21.011127,21.011127,21.011127,21.011127,21.011127,21.011127
80,Guam,21.011127,21.011127,21.011127,21.011127,21.011127,21.011127,21.011127,21.011127,21.011127,21.011127,21.011127,21.011127,21.011127,21.011127,21.011127,21.011127,21.011127,21.011127,21.011127,21.011127,21.011127,21.011127,21.011127,21.011127,21.011127,21.011127,21.011127,21.011127,21.011127,21.011127
81,Guatemala,21.011127,21.011127,21.011127,21.011127,21.011127,21.011127,21.011127,21.011127,21.011127,21.011127,21.011127,21.011127,21.011127,21.011127,21.011127,21.011127,21.011127,21.011127,21.011127,21.011127,21.011127,21.011127,21.011127,21.011127,21.011127,21.011127,21.011127,21.011127,21.011127,21.011127
82,Guinea,21.011127,21.011127,21.011127,21.011127,21.011127,21.011127,21.011127,21.011127,21.011127,21.011127,21.011127,21.011127,21.011127,21.011127,21.011127,21.011127,21.011127,21.011127,21.011127,21.011127,21.011127,21.011127,21.011127,21.011127,21.011127,21.011127,21.011127,21.011127,21.011127,21.011127
83,Guinea-Bissau,21.011127,21.011127,21.011127,21.011127,21.011127,21.011127,21.011127,21.011127,21.011127,21.011127,21.011127,21.011127,21.011127,21.011127,21.011127,21.011127,21.011127,21.011127,21.011127,21.011127,21.011127,21.011127,21.011127,21.011127,21.011127,21.011127,21.011127,21.011127,21.011127,21.011127
84,Guyana,21.011127,21.011127,21.011127,21.011127,21.011127,21.011127,21.011127,21.011127,21.011127,21.011127,21.011127,21.011127,21.011127,21.011127,21.011127,21.011127,21.011127,21.011127,21.011127,21.011127,21.011127,21.011127,21.011127,21.011127,21.011127,21.011127,21.011127,21.011127,21.011127,21.011127
85,Haiti,21.011127,21.011127,21.011127,21.011127,21.011127,21.011127,21.011127,21.011127,21.011127,21.011127,21.011127,21.011127,21.011127,21.011127,21.011127,21.011127,21.011127,21.011127,21.011127,21.011127,21.011127,21.011127,21.011127,21.011127,21.011127,21.011127,21.011127,21.011127,21.011127,21.011127
86,High income (WB),21.011127,21.011127,21.011127,21.011127,21.011127,21.011127,21.011127,21.011127,21.011127,21.011127,21.011127,21.011127,21.011127,21.011127,21.011127,21.011127,21.011127,21.011127,21.011127,21.011127,21.011127,21.011127,21.011127,21.011127,21.011127,21.011127,21.011127,21.011127,21.011127,21.011127
87,Honduras,21.011127,21.011127,21.011127,21.011127,21.011127,21.011127,21.011127,21.011127,21.011127,21.011127,21.011127,21.011127,21.011127,21.011127,21.011127,21.011127,21.011127,21.011127,21.011127,21.011127,21.011127,21.011127,21.011127,21.011127,21.011127,21.011127,21.011127,21.011127,21.011127,21.011127
88,Hungary,21.011127,21.011127,21.011127,21.011127,21.011127,21.011127,21.011127,21.011127,21.011127,21.011127,21.011127,21.011127,21.011127,21.011127,21.011127,21.011127,21.011127,21.011127,21.011127,21.011127,21.011127,21.011127,21.011127,21.011127,21.011127,21.011127,21.011127,21.011127,21.011127,21.011127
89,Iceland,21.011127,21.011127,21.011127,21.011127,21.011127,21.011127,21.011127,21.011127,21.011127,21.011127,21.011127,21.011127,21.011127,21.011127,21.011127,21.011127,21.011127,21.011127,21.011127,21.011127,21.011127,21.011127,21.011127,21.011127,21.011127,21.011127,21.011127,21.011127,21.011127,21.011127
90,India,21.011127,21.011127,21.011127,21.011127,21.011127,21.011127,21.011127,21.011127,21.011127,21.011127,21.011127,21.011127,21.011127,21.011127,21.011127,21.011127,21.011127,21.011127,21.011127,21.011127,21.011127,21.011127,21.011127,21.011127,21.011127,21.011127,21.011127,21.011127,21.011127,21.011127
91,Indonesia,21.011127,21.011127,21.011127,21.011127,21.011127,21.011127,21.011127,21.011127,21.011127,21.011127,21.011127,21.011127,21.011127,21.011127,21.011127,21.011127,21.011127,21.011127,21.011127,21.011127,21.011127,21.011127,21.011127,21.011127,21.011127,21.011127,21.011127,21.011127,21.011127,21.011127
92,Iran,21.011127,21.011127,21.011127,21.011127,21.011127,21.011127,21.011127,21.011127,21.011127,21.011127,21.011127,21.011127,21.011127,21.011127,21.011127,21.011127,21.011127,21.011127,21.011127,21.011127,21.011127,21.011127,21.011127,21.011127,21.011127,21.011127,21.011127,21.011127,21.011127,21.011127
93,Iraq,21.011127,21.011127,21.011127,21.011127,21.011127,21.011127,21.011127,21.011127,21.011127,21.011127,21.011127,21.011127,21.011127,21.011127,21.011127,21.011127,21.011127,21.011127,21.011127,21.011127,21.011127,21.011127,21.011127,21.011127,21.011127,21.011127,21.011127,21.011127,21.011127,21.011127
94,Ireland,21.011127,21.011127,21.011127,21.011127,21.011127,21.011127,21.011127,21.011127,21.011127,21.011127,21.011127,21.011127,21.011127,21.011127,21.011127,21.011127,21.011127,21.011127,21.011127,21.011127,21.011127,21.011127,21.011127,21.011127,21.011127,21.011127,21.011127,21.011127,21.011127,21.011127
95,Israel,21.011127,21.011127,21.011127,21.011127,21.011127,21.011127,21.011127,21.011127,21.011127,21.011127,21.011127,21.011127,21.011127,21.011127,21.011127,21.011127,21.011127,21.011127,21.011127,21.011127,21.011127,21.011127,21.011127,21.011127,21.011127,21.011127,21.011127,21.011127,21.011127,21.011127
96,Italy,21.011127,21.011127,21.011127,21.011127,21.011127,21.011127,21.011127,21.011127,21.011127,21.011127,21.011127,21.011127,21.011127,21.011127,21.011127,21.011127,21.011127,21.011127,21.011127,21.011127,21.011127,21.011127,21.011127,21.011127,21.011127,21.011127,21.011127,21.011127,21.011127,21.011127
97,Jamaica,21.011127,21.011127,21.011127,21.011127,21.011127,21.011127,21.011127,21.011127,21.011127,21.011127,21.011127,21.011127,21.011127,21.011127,21.011127,21.011127,21.011127,21.011127,21.011127,21.011127,21.011127,21.011127,21.011127,21.011127,21.011127,21.011127,21.011127,21.011127,21.011127,21.011127
98,Japan,21.011127,21.011127,21.011127,21.011127,21.011127,21.011127,21.011127,21.011127,21.011127,21.011127,21.011127,21.011127,21.011127,21.011127,21.011127,21.011127,21.011127,21.011127,21.011127,21.011127,21.011127,21.011127,21.011127,21.011127,21.011127,21.011127,21.011127,21.011127,21.011127,21.011127
99,Jordan,21.011127,21.011127,21.011127,21.011127,21.011127,21.011127,21.011127,21.011127,21.011127,21.011127,21.011127,21.011127,21.011127,21.011127,21.011127,21.011127,21.011127,21.011127,21.011127,21.011127,21.011127,21.011127,21.011127,21.011127,21.011127,21.011127,21.011127,21.011127,21.011127,21.011127
100,Kazakhstan,21.011127,21.011127,21.011127,21.011127,21.011127,21.011127,21.011127,21.011127,21.011127,21.011127,21.011127,21.011127,21.011127,21.011127,21.011127,21.011127,21.011127,21.011127,21.011127,21.011127,21.011127,21.011127,21.011127,21.011127,21.011127,21.011127,21.011127,21.011127,21.011127,21.011127
101,Kenya,21.011127,21.011127,21.011127,21.011127,21.011127,21.011127,21.011127,21.011127,21.011127,21.011127,21.011127,21.011127,21.011127,21.011127,21.011127,21.011127,21.011127,21.011127,21.011127,21.011127,21.011127,21.011127,21.011127,21.011127,21.011127,21.011127,21.011127,21.011127,21.011127,21.011127
102,Kiribati,21.011127,21.011127,21.011127,21.011127,21.011127,21.011127,21.011127,21.011127,21.011127,21.011127,21.011127,21.011127,21.011127,21.011127,21.011127,21.011127,21.011127,21.011127,21.011127,21.011127,21.011127,21.011127,21.011127,21.011127,21.011127,21.011127,21.011127,21.011127,21.011127,21.011127
103,Kuwait,21.011127,21.011127,21.011127,21.011127,21.011127,21.011127,21.011127,21.011127,21.011127,21.011127,21.011127,21.011127,21.011127,21.011127,21.011127,21.011127,21.011127,21.011127,21.011127,21.011127,21.011127,21.011127,21.011127,21.011127,21.011127,21.011127,21.011127,21.011127,21.011127,21.011127
104,Kyrgyzstan,21.011127,21.011127,21.011127,21.011127,21.011127,21.011127,21.011127,21.011127,21.011127,21.011127,21.011127,21.011127,21.011127,21.011127,21.011127,21.011127,21.011127,21.011127,21.011127,21.011127,21.011127,21.011127,21.011127,21.011127,21.011127,21.011127,21.011127,21.011127,21.011127,21.011127
105,Laos,21.011127,21.011127,21.011127,21.011127,21.011127,21.011127,21.011127,21.011127,21.011127,21.011127,21.011127,21.011127,21.011127,21.011127,21.011127,21.011127,21.011127,21.011127,21.011127,21.011127,21.011127,21.011127,21.011127,21.011127,21.011127,21.011127,21.011127,21.011127,21.011127,21.011127
106,Latin America & Caribbean (WB),21.011127,21.011127,21.011127,21.011127,21.011127,21.011127,21.011127,21.011127,21.011127,21.011127,21.011127,21.011127,21.011127,21.011127,21.011127,21.011127,21.011127,21.011127,21.011127,21.011127,21.011127,21.011127,21.011127,21.011127,21.011127,21.011127,21.011127,21.011127,21.011127,21.011127
107,Latvia,21.011127,21.011127,21.011127,21.011127,21.011127,21.011127,21.011127,21.011127,21.011127,21.011127,21.011127,21.011127,21.011127,21.011127,21.011127,21.011127,21.011127,21.011127,21.011127,21.011127,21.011127,21.011127,21.011127,21.011127,21.011127,21.011127,21.011127,21.011127,21.011127,21.011127
108,Lebanon,21.011127,21.011127,21.011127,21.011127,21.011127,21.011127,21.011127,21.011127,21.011127,21.011127,21.011127,21.011127,21.011127,21.011127,21.011127,21.011127,21.011127,21.011127,21.011127,21.011127,21.011127,21.011127,21.011127,21.011127,21.011127,21.011127,21.011127,21.011127,21.011127,21.011127
109,Lesotho,21.011127,21.011127,21.011127,21.011127,21.011127,21.011127,21.011127,21.011127,21.011127,21.011127,21.011127,21.011127,21.011127,21.011127,21.011127,21.011127,21.011127,21.011127,21.011127,21.011127,21.011127,21.011127,21.011127,21.011127,21.011127,21.011127,21.011127,21.011127,21.011127,21.011127
110,Liberia,21.011127,21.011127,21.011127,21.011127,21.011127,21.011127,21.011127,21.011127,21.011127,21.011127,21.011127,21.011127,21.011127,21.011127,21.011127,21.011127,21.011127,21.011127,21.011127,21.011127,21.011127,21.011127,21.011127,21.011127,21.011127,21.011127,21.011127,21.011127,21.011127,21.011127
111,Libya,21.011127,21.011127,21.011127,21.011127,21.011127,21.011127,21.011127,21.011127,21.011127,21.011127,21.011127,21.011127,21.011127,21.011127,21.011127,21.011127,21.011127,21.011127,21.011127,21.011127,21.011127,21.011127,21.011127,21.011127,21.011127,21.011127,21.011127,21.011127,21.011127,21.011127
112,Lithuania,21.011127,21.011127,21.011127,21.011127,21.011127,21.011127,21.011127,21.011127,21.011127,21.011127,21.011127,21.011127,21.011127,21.011127,21.011127,21.011127,21.011127,21.011127,21.011127,21.011127,21.011127,21.011127,21.011127,21.011127,21.011127,21.011127,21.011127,21.011127,21.011127,21.011127
113,Low income (WB),21.011127,21.011127,21.011127,21.011127,21.011127,21.011127,21.011127,21.011127,21.011127,21.011127,21.011127,21.011127,21.011127,21.011127,21.011127,21.011127,21.011127,21.011127,21.011127,21.011127,21.011127,21.011127,21.011127,21.011127,21.011127,21.011127,21.011127,21.011127,21.011127,21.011127
114,Lower middle income (WB),21.011127,21.011127,21.011127,21.011127,21.011127,21.011127,21.011127,21.011127,21.011127,21.011127,21.011127,21.011127,21.011127,21.011127,21.011127,21.011127,21.011127,21.011127,21.011127,21.011127,21.011127,21.011127,21.011127,21.011127,21.011127,21.011127,21.011127,21.011127,21.011127,21.011127
115,Luxembourg,21.011127,21.011127,21.011127,21.011127,21.011127,21.011127,21.011127,21.011127,21.011127,21.011127,21.011127,21.011127,21.011127,21.011127,21.011127,21.011127,21.011127,21.011127,21.011127,21.011127,21.011127,21.011127,21.011127,21.011127,21.011127,21.011127,21.011127,21.011127,21.011127,21.011127
116,Madagascar,21.011127,21.011127,21.011127,21.011127,21.011127,21.011127,21.011127,21.011127,21.011127,21.011127,21.011127,21.011127,21.011127,21.011127,21.011127,21.011127,21.011127,21.011127,21.011127,21.011127,21.011127,21.011127,21.011127,21.011127,21.011127,21.011127,21.011127,21.011127,21.011127,21.011127
117,Malawi,21.011127,21.011127,21.011127,21.011127,21.011127,21.011127,21.011127,21.011127,21.011127,21.011127,21.011127,21.011127,21.011127,21.011127,21.011127,21.011127,21.011127,21.011127,21.011127,21.011127,21.011127,21.011127,21.011127,21.011127,21.011127,21.011127,21.011127,21.011127,21.011127,21.011127
118,Malaysia,21.011127,21.011127,21.011127,21.011127,21.011127,21.011127,21.011127,21.011127,21.011127,21.011127,21.011127,21.011127,21.011127,21.011127,21.011127,21.011127,21.011127,21.011127,21.011127,21.011127,21.011127,21.011127,21.011127,21.011127,21.011127,21.011127,21.011127,21.011127,21.011127,21.011127
119,Maldives,21.011127,21.011127,21.011127,21.011127,21.011127,21.011127,21.011127,21.011127,21.011127,21.011127,21.011127,21.011127,21.011127,21.011127,21.011127,21.011127,21.011127,21.011127,21.011127,21.011127,21.011127,21.011127,21.011127,21.011127,21.011127,21.011127,21.011127,21.011127,21.011127,21.011127
120,Mali,21.011127,21.011127,21.011127,21.011127,21.011127,21.011127,21.011127,21.011127,21.011127,21.011127,21.011127,21.011127,21.011127,21.011127,21.011127,21.011127,21.011127,21.011127,21.011127,21.011127,21.011127,21.011127,21.011127,21.011127,21.011127,21.011127,21.011127,21.011127,21.011127,21.011127
121,Malta,21.011127,21.011127,21.011127,21.011127,21.011127,21.011127,21.011127,21.011127,21.011127,21.011127,21.011127,21.011127,21.011127,21.011127,21.011127,21.011127,21.011127,21.011127,21.011127,21.011127,21.011127,21.011127,21.011127,21.011127,21.011127,21.011127,21.011127,21.011127,21.011127,21.011127
122,Marshall Islands,21.011127,21.011127,21.011127,21.011127,21.011127,21.011127,21.011127,21.011127,21.011127,21.011127,21.011127,21.011127,21.011127,21.011127,21.011127,21.011127,21.011127,21.011127,21.011127,21.011127,21.011127,21.011127,21.011127,21.011127,21.011127,21.011127,21.011127,21.011127,21.011127,21.011127
123,Mauritania,21.011127,21.011127,21.011127,21.011127,21.011127,21.011127,21.011127,21.011127,21.011127,21.011127,21.011127,21.011127,21.011127,21.011127,21.011127,21.011127,21.011127,21.011127,21.011127,21.011127,21.011127,21.011127,21.011127,21.011127,21.011127,21.011127,21.011127,21.011127,21.011127,21.011127
124,Mauritius,21.011127,21.011127,21.011127,21.011127,21.011127,21.011127,21.011127,21.011127,21.011127,21.011127,21.011127,21.011127,21.011127,21.011127,21.011127,21.011127,21.011127,21.011127,21.011127,21.011127,21.011127,21.011127,21.011127,21.011127,21.011127,21.011127,21.011127,21.011127,21.011127,21.011127
125,Mexico,21.011127,21.011127,21.011127,21.011127,21.011127,21.011127,21.011127,21.011127,21.011127,21.011127,21.011127,21.011127,21.011127,21.011127,21.011127,21.011127,21.011127,21.011127,21.011127,21.011127,21.011127,21.011127,21.011127,21.011127,21.011127,21.011127,21.011127,21.011127,21.011127,21.011127
126,Micronesia (country),21.011127,21.011127,21.011127,21.011127,21.011127,21.011127,21.011127,21.011127,21.011127,21.011127,21.011127,21.011127,21.011127,21.011127,21.011127,21.011127,21.011127,21.011127,21.011127,21.011127,21.011127,21.011127,21.011127,21.011127,21.011127,21.011127,21.011127,21.011127,21.011127,21.011127
127,Middle East & North Africa (WB),21.011127,21.011127,21.011127,21.011127,21.011127,21.011127,21.011127,21.011127,21.011127,21.011127,21.011127,21.011127,21.011127,21.011127,21.011127,21.011127,21.011127,21.011127,21.011127,21.011127,21.011127,21.011127,21.011127,21.011127,21.011127,21.011127,21.011127,21.011127,21.011127,21.011127
128,Middle income (WB),21.011127,21.011127,21.011127,21.011127,21.011127,21.011127,21.011127,21.011127,21.011127,21.011127,21.011127,21.011127,21.011127,21.011127,21.011127,21.011127,21.011127,21.011127,21.011127,21.011127,21.011127,21.011127,21.011127,21.011127,21.011127,21.011127,21.011127,21.011127,21.011127,21.011127
129,Moldova,21.011127,21.011127,21.011127,21.011127,21.011127,21.011127,21.011127,21.011127,21.011127,21.011127,21.011127,21.011127,21.011127,21.011127,21.011127,21.011127,21.011127,21.011127,21.011127,21.011127,21.011127,21.011127,21.011127,21.011127,21.011127,21.011127,21.011127,21.011127,21.011127,21.011127
130,Monaco,21.011127,21.011127,21.011127,21.011127,21.011127,21.011127,21.011127,21.011127,21.011127,21.011127,21.011127,21.011127,21.011127,21.011127,21.011127,21.011127,21.011127,21.011127,21.011127,21.011127,21.011127,21.011127,21.011127,21.011127,21.011127,21.011127,21.011127,21.011127,21.011127,21.011127
131,Mongolia,21.011127,21.011127,21.011127,21.011127,21.011127,21.011127,21.011127,21.011127,21.011127,21.011127,21.011127,21.011127,21.011127,21.011127,21.011127,21.011127,21.011127,21.011127,21.011127,21.011127,21.011127,21.011127,21.011127,21.011127,21.011127,21.011127,21.011127,21.011127,21.011127,21.011127
132,Montenegro,21.011127,21.011127,21.011127,21.011127,21.011127,21.011127,21.011127,21.011127,21.011127,21.011127,21.011127,21.011127,21.011127,21.011127,21.011127,21.011127,21.011127,21.011127,21.011127,21.011127,21.011127,21.011127,21.011127,21.011127,21.011127,21.011127,21.011127,21.011127,21.011127,21.011127
133,Morocco,21.011127,21.011127,21.011127,21.011127,21.011127,21.011127,21.011127,21.011127,21.011127,21.011127,21.011127,21.011127,21.011127,21.011127,21.011127,21.011127,21.011127,21.011127,21.011127,21.011127,21.011127,21.011127,21.011127,21.011127,21.011127,21.011127,21.011127,21.011127,21.011127,21.011127
134,Mozambique,21.011127,21.011127,21.011127,21.011127,21.011127,21.011127,21.011127,21.011127,21.011127,21.011127,21.011127,21.011127,21.011127,21.011127,21.011127,21.011127,21.011127,21.011127,21.011127,21.011127,21.011127,21.011127,21.011127,21.011127,21.011127,21.011127,21.011127,21.011127,21.011127,21.011127
135,Myanmar,21.011127,21.011127,21.011127,21.011127,21.011127,21.011127,21.011127,21.011127,21.011127,21.011127,21.011127,21.011127,21.011127,21.011127,21.011127,21.011127,21.011127,21.011127,21.011127,21.011127,21.011127,21.011127,21.011127,21.011127,21.011127,21.011127,21.011127,21.011127,21.011127,21.011127
136,Namibia,21.011127,21.011127,21.011127,21.011127,21.011127,21.011127,21.011127,21.011127,21.011127,21.011127,21.011127,21.011127,21.011127,21.011127,21.011127,21.011127,21.011127,21.011127,21.011127,21.011127,21.011127,21.011127,21.011127,21.011127,21.011127,21.011127,21.011127,21.011127,21.011127,21.011127
137,Nauru,21.011127,21.011127,21.011127,21.011127,21.011127,21.011127,21.011127,21.011127,21.011127,21.011127,21.011127,21.011127,21.011127,21.011127,21.011127,21.011127,21.011127,21.011127,21.011127,21.011127,21.011127,21.011127,21.011127,21.011127,21.011127,21.011127,21.011127,21.011127,21.011127,21.011127
138,Nepal,21.011127,21.011127,21.011127,21.011127,21.011127,21.011127,21.011127,21.011127,21.011127,21.011127,21.011127,21.011127,21.011127,21.011127,21.011127,21.011127,21.011127,21.011127,21.011127,21.011127,21.011127,21.011127,21.011127,21.011127,21.011127,21.011127,21.011127,21.011127,21.011127,21.011127
139,Netherlands,21.011127,21.011127,21.011127,21.011127,21.011127,21.011127,21.011127,21.011127,21.011127,21.011127,21.011127,21.011127,21.011127,21.011127,21.011127,21.011127,21.011127,21.011127,21.011127,21.011127,21.011127,21.011127,21.011127,21.011127,21.011127,21.011127,21.011127,21.011127,21.011127,21.011127
140,New Zealand,21.011127,21.011127,21.011127,21.011127,21.011127,21.011127,21.011127,21.011127,21.011127,21.011127,21.011127,21.011127,21.011127,21.011127,21.011127,21.011127,21.011127,21.011127,21.011127,21.011127,21.011127,21.011127,21.011127,21.011127,21.011127,21.011127,21.011127,21.011127,21.011127,21.011127
141,Nicaragua,21.011127,21.011127,21.011127,21.011127,21.011127,21.011127,21.011127,21.011127,21.011127,21.011127,21.011127,21.011127,21.011127,21.011127,21.011127,21.011127,21.011127,21.011127,21.011127,21.011127,21.011127,21.011127,21.011127,21.011127,21.011127,21.011127,21.011127,21.011127,21.011127,21.011127
142,Niger,21.011127,21.011127,21.011127,21.011127,21.011127,21.011127,21.011127,21.011127,21.011127,21.011127,21.011127,21.011127,21.011127,21.011127,21.011127,21.011127,21.011127,21.011127,21.011127,21.011127,21.011127,21.011127,21.011127,21.011127,21.011127,21.011127,21.011127,21.011127,21.011127,21.011127
143,Nigeria,21.011127,21.011127,21.011127,21.011127,21.011127,21.011127,21.011127,21.011127,21.011127,21.011127,21.011127,21.011127,21.011127,21.011127,21.011127,21.011127,21.011127,21.011127,21.011127,21.011127,21.011127,21.011127,21.011127,21.011127,21.011127,21.011127,21.011127,21.011127,21.011127,21.011127
144,Niue,21.011127,21.011127,21.011127,21.011127,21.011127,21.011127,21.011127,21.011127,21.011127,21.011127,21.011127,21.011127,21.011127,21.011127,21.011127,21.011127,21.011127,21.011127,21.011127,21.011127,21.011127,21.011127,21.011127,21.011127,21.011127,21.011127,21.011127,21.011127,21.011127,21.011127
145,North America (WB),21.011127,21.011127,21.011127,21.011127,21.011127,21.011127,21.011127,21.011127,21.011127,21.011127,21.011127,21.011127,21.011127,21.011127,21.011127,21.011127,21.011127,21.011127,21.011127,21.011127,21.011127,21.011127,21.011127,21.011127,21.011127,21.011127,21.011127,21.011127,21.011127,21.011127
146,North Korea,21.011127,21.011127,21.011127,21.011127,21.011127,21.011127,21.011127,21.011127,21.011127,21.011127,21.011127,21.011127,21.011127,21.011127,21.011127,21.011127,21.011127,21.011127,21.011127,21.011127,21.011127,21.011127,21.011127,21.011127,21.011127,21.011127,21.011127,21.011127,21.011127,21.011127
147,North Macedonia,21.011127,21.011127,21.011127,21.011127,21.011127,21.011127,21.011127,21.011127,21.011127,21.011127,21.011127,21.011127,21.011127,21.011127,21.011127,21.011127,21.011127,21.011127,21.011127,21.011127,21.011127,21.011127,21.011127,21.011127,21.011127,21.011127,21.011127,21.011127,21.011127,21.011127
148,Northern Ireland,21.011127,21.011127,21.011127,21.011127,21.011127,21.011127,21.011127,21.011127,21.011127,21.011127,21.011127,21.011127,21.011127,21.011127,21.011127,21.011127,21.011127,21.011127,21.011127,21.011127,21.011127,21.011127,21.011127,21.011127,21.011127,21.011127,21.011127,21.011127,21.011127,21.011127
149,Northern Mariana Islands,21.011127,21.011127,21.011127,21.011127,21.011127,21.011127,21.011127,21.011127,21.011127,21.011127,21.011127,21.011127,21.011127,21.011127,21.011127,21.011127,21.011127,21.011127,21.011127,21.011127,21.011127,21.011127,21.011127,21.011127,21.011127,21.011127,21.011127,21.011127,21.011127,21.011127
150,Norway,21.011127,21.011127,21.011127,21.011127,21.011127,21.011127,21.011127,21.011127,21.011127,21.011127,21.011127,21.011127,21.011127,21.011127,21.011127,21.011127,21.011127,21.011127,21.011127,21.011127,21.011127,21.011127,21.011127,21.011127,21.011127,21.011127,21.011127,21.011127,21.011127,21.011127
151,OECD Countries,21.011127,21.011127,21.011127,21.011127,21.011127,21.011127,21.011127,21.011127,21.011127,21.011127,21.011127,21.011127,21.011127,21.011127,21.011127,21.011127,21.011127,21.011127,21.011127,21.011127,21.011127,21.011127,21.011127,21.011127,21.011127,21.011127,21.011127,21.011127,21.011127,21.011127
152,Oman,21.011127,21.011127,21.011127,21.011127,21.011127,21.011127,21.011127,21.011127,21.011127,21.011127,21.011127,21.011127,21.011127,21.011127,21.011127,21.011127,21.011127,21.011127,21.011127,21.011127,21.011127,21.011127,21.011127,21.011127,21.011127,21.011127,21.011127,21.011127,21.011127,21.011127
153,Pakistan,21.011127,21.011127,21.011127,21.011127,21.011127,21.011127,21.011127,21.011127,21.011127,21.011127,21.011127,21.011127,21.011127,21.011127,21.011127,21.011127,21.011127,21.011127,21.011127,21.011127,21.011127,21.011127,21.011127,21.011127,21.011127,21.011127,21.011127,21.011127,21.011127,21.011127
154,Palau,21.011127,21.011127,21.011127,21.011127,21.011127,21.011127,21.011127,21.011127,21.011127,21.011127,21.011127,21.011127,21.011127,21.011127,21.011127,21.011127,21.011127,21.011127,21.011127,21.011127,21.011127,21.011127,21.011127,21.011127,21.011127,21.011127,21.011127,21.011127,21.011127,21.011127
155,Palestine,21.011127,21.011127,21.011127,21.011127,21.011127,21.011127,21.011127,21.011127,21.011127,21.011127,21.011127,21.011127,21.011127,21.011127,21.011127,21.011127,21.011127,21.011127,21.011127,21.011127,21.011127,21.011127,21.011127,21.011127,21.011127,21.011127,21.011127,21.011127,21.011127,21.011127
156,Panama,21.011127,21.011127,21.011127,21.011127,21.011127,21.011127,21.011127,21.011127,21.011127,21.011127,21.011127,21.011127,21.011127,21.011127,21.011127,21.011127,21.011127,21.011127,21.011127,21.011127,21.011127,21.011127,21.011127,21.011127,21.011127,21.011127,21.011127,21.011127,21.011127,21.011127
157,Papua New Guinea,21.011127,21.011127,21.011127,21.011127,21.011127,21.011127,21.011127,21.011127,21.011127,21.011127,21.011127,21.011127,21.011127,21.011127,21.011127,21.011127,21.011127,21.011127,21.011127,21.011127,21.011127,21.011127,21.011127,21.011127,21.011127,21.011127,21.011127,21.011127,21.011127,21.011127
158,Paraguay,21.011127,21.011127,21.011127,21.011127,21.011127,21.011127,21.011127,21.011127,21.011127,21.011127,21.011127,21.011127,21.011127,21.011127,21.011127,21.011127,21.011127,21.011127,21.011127,21.011127,21.011127,21.011127,21.011127,21.011127,21.011127,21.011127,21.011127,21.011127,21.011127,21.011127
159,Peru,21.011127,21.011127,21.011127,21.011127,21.011127,21.011127,21.011127,21.011127,21.011127,21.011127,21.011127,21.011127,21.011127,21.011127,21.011127,21.011127,21.011127,21.011127,21.011127,21.011127,21.011127,21.011127,21.011127,21.011127,21.011127,21.011127,21.011127,21.011127,21.011127,21.011127
160,Philippines,21.011127,21.011127,21.011127,21.011127,21.011127,21.011127,21.011127,21.011127,21.011127,21.011127,21.011127,21.011127,21.011127,21.011127,21.011127,21.011127,21.011127,21.011127,21.011127,21.011127,21.011127,21.011127,21.011127,21.011127,21.011127,21.011127,21.011127,21.011127,21.011127,21.011127
161,Poland,21.011127,21.011127,21.011127,21.011127,21.011127,21.011127,21.011127,21.011127,21.011127,21.011127,21.011127,21.011127,21.011127,21.011127,21.011127,21.011127,21.011127,21.011127,21.011127,21.011127,21.011127,21.011127,21.011127,21.011127,21.011127,21.011127,21.011127,21.011127,21.011127,21.011127
162,Portugal,21.011127,21.011127,21.011127,21.011127,21.011127,21.011127,21.011127,21.011127,21.011127,21.011127,21.011127,21.011127,21.011127,21.011127,21.011127,21.011127,21.011127,21.011127,21.011127,21.011127,21.011127,21.011127,21.011127,21.011127,21.011127,21.011127,21.011127,21.011127,21.011127,21.011127
163,Puerto Rico,21.011127,21.011127,21.011127,21.011127,21.011127,21.011127,21.011127,21.011127,21.011127,21.011127,21.011127,21.011127,21.011127,21.011127,21.011127,21.011127,21.011127,21.011127,21.011127,21.011127,21.011127,21.011127,21.011127,21.011127,21.011127,21.011127,21.011127,21.011127,21.011127,21.011127
164,Qatar,21.011127,21.011127,21.011127,21.011127,21.011127,21.011127,21.011127,21.011127,21.011127,21.011127,21.011127,21.011127,21.011127,21.011127,21.011127,21.011127,21.011127,21.011127,21.011127,21.011127,21.011127,21.011127,21.011127,21.011127,21.011127,21.011127,21.011127,21.011127,21.011127,21.011127
165,Region of the Americas (WHO),21.011127,21.011127,21.011127,21.011127,21.011127,21.011127,21.011127,21.011127,21.011127,21.011127,21.011127,21.011127,21.011127,21.011127,21.011127,21.011127,21.011127,21.011127,21.011127,21.011127,21.011127,21.011127,21.011127,21.011127,21.011127,21.011127,21.011127,21.011127,21.011127,21.011127
166,Romania,21.011127,21.011127,21.011127,21.011127,21.011127,21.011127,21.011127,21.011127,21.011127,21.011127,21.011127,21.011127,21.011127,21.011127,21.011127,21.011127,21.011127,21.011127,21.011127,21.011127,21.011127,21.011127,21.011127,21.011127,21.011127,21.011127,21.011127,21.011127,21.011127,21.011127
167,Russia,21.011127,21.011127,21.011127,21.011127,21.011127,21.011127,21.011127,21.011127,21.011127,21.011127,21.011127,21.011127,21.011127,21.011127,21.011127,21.011127,21.011127,21.011127,21.011127,21.011127,21.011127,21.011127,21.011127,21.011127,21.011127,21.011127,21.011127,21.011127,21.011127,21.011127
168,Rwanda,21.011127,21.011127,21.011127,21.011127,21.011127,21.011127,21.011127,21.011127,21.011127,21.011127,21.011127,21.011127,21.011127,21.011127,21.011127,21.011127,21.011127,21.011127,21.011127,21.011127,21.011127,21.011127,21.011127,21.011127,21.011127,21.011127,21.011127,21.011127,21.011127,21.011127
169,Saint Kitts and Nevis,21.011127,21.011127,21.011127,21.011127,21.011127,21.011127,21.011127,21.011127,21.011127,21.011127,21.011127,21.011127,21.011127,21.011127,21.011127,21.011127,21.011127,21.011127,21.011127,21.011127,21.011127,21.011127,21.011127,21.011127,21.011127,21.011127,21.011127,21.011127,21.011127,21.011127
170,Saint Lucia,21.011127,21.011127,21.011127,21.011127,21.011127,21.011127,21.011127,21.011127,21.011127,21.011127,21.011127,21.011127,21.011127,21.011127,21.011127,21.011127,21.011127,21.011127,21.011127,21.011127,21.011127,21.011127,21.011127,21.011127,21.011127,21.011127,21.011127,21.011127,21.011127,21.011127
171,Saint Vincent and the Grenadines,21.011127,21.011127,21.011127,21.011127,21.011127,21.011127,21.011127,21.011127,21.011127,21.011127,21.011127,21.011127,21.011127,21.011127,21.011127,21.011127,21.011127,21.011127,21.011127,21.011127,21.011127,21.011127,21.011127,21.011127,21.011127,21.011127,21.011127,21.011127,21.011127,21.011127
172,Samoa,21.011127,21.011127,21.011127,21.011127,21.011127,21.011127,21.011127,21.011127,21.011127,21.011127,21.011127,21.011127,21.011127,21.011127,21.011127,21.011127,21.011127,21.011127,21.011127,21.011127,21.011127,21.011127,21.011127,21.011127,21.011127,21.011127,21.011127,21.011127,21.011127,21.011127
173,San Marino,21.011127,21.011127,21.011127,21.011127,21.011127,21.011127,21.011127,21.011127,21.011127,21.011127,21.011127,21.011127,21.011127,21.011127,21.011127,21.011127,21.011127,21.011127,21.011127,21.011127,21.011127,21.011127,21.011127,21.011127,21.011127,21.011127,21.011127,21.011127,21.011127,21.011127
174,Sao Tome and Principe,21.011127,21.011127,21.011127,21.011127,21.011127,21.011127,21.011127,21.011127,21.011127,21.011127,21.011127,21.011127,21.011127,21.011127,21.011127,21.011127,21.011127,21.011127,21.011127,21.011127,21.011127,21.011127,21.011127,21.011127,21.011127,21.011127,21.011127,21.011127,21.011127,21.011127
175,Saudi Arabia,21.011127,21.011127,21.011127,21.011127,21.011127,21.011127,21.011127,21.011127,21.011127,21.011127,21.011127,21.011127,21.011127,21.011127,21.011127,21.011127,21.011127,21.011127,21.011127,21.011127,21.011127,21.011127,21.011127,21.011127,21.011127,21.011127,21.011127,21.011127,21.011127,21.011127
176,Scotland,21.011127,21.011127,21.011127,21.011127,21.011127,21.011127,21.011127,21.011127,21.011127,21.011127,21.011127,21.011127,21.011127,21.011127,21.011127,21.011127,21.011127,21.011127,21.011127,21.011127,21.011127,21.011127,21.011127,21.011127,21.011127,21.011127,21.011127,21.011127,21.011127,21.011127
177,Senegal,21.011127,21.011127,21.011127,21.011127,21.011127,21.011127,21.011127,21.011127,21.011127,21.011127,21.011127,21.011127,21.011127,21.011127,21.011127,21.011127,21.011127,21.011127,21.011127,21.011127,21.011127,21.011127,21.011127,21.011127,21.011127,21.011127,21.011127,21.011127,21.011127,21.011127
178,Serbia,21.011127,21.011127,21.011127,21.011127,21.011127,21.011127,21.011127,21.011127,21.011127,21.011127,21.011127,21.011127,21.011127,21.011127,21.011127,21.011127,21.011127,21.011127,21.011127,21.011127,21.011127,21.011127,21.011127,21.011127,21.011127,21.011127,21.011127,21.011127,21.011127,21.011127
179,Seychelles,21.011127,21.011127,21.011127,21.011127,21.011127,21.011127,21.011127,21.011127,21.011127,21.011127,21.011127,21.011127,21.011127,21.011127,21.011127,21.011127,21.011127,21.011127,21.011127,21.011127,21.011127,21.011127,21.011127,21.011127,21.011127,21.011127,21.011127,21.011127,21.011127,21.011127
180,Sierra Leone,21.011127,21.011127,21.011127,21.011127,21.011127,21.011127,21.011127,21.011127,21.011127,21.011127,21.011127,21.011127,21.011127,21.011127,21.011127,21.011127,21.011127,21.011127,21.011127,21.011127,21.011127,21.011127,21.011127,21.011127,21.011127,21.011127,21.011127,21.011127,21.011127,21.011127
181,Singapore,21.011127,21.011127,21.011127,21.011127,21.011127,21.011127,21.011127,21.011127,21.011127,21.011127,21.011127,21.011127,21.011127,21.011127,21.011127,21.011127,21.011127,21.011127,21.011127,21.011127,21.011127,21.011127,21.011127,21.011127,21.011127,21.011127,21.011127,21.011127,21.011127,21.011127
182,Slovakia,21.011127,21.011127,21.011127,21.011127,21.011127,21.011127,21.011127,21.011127,21.011127,21.011127,21.011127,21.011127,21.011127,21.011127,21.011127,21.011127,21.011127,21.011127,21.011127,21.011127,21.011127,21.011127,21.011127,21.011127,21.011127,21.011127,21.011127,21.011127,21.011127,21.011127
183,Slovenia,21.011127,21.011127,21.011127,21.011127,21.011127,21.011127,21.011127,21.011127,21.011127,21.011127,21.011127,21.011127,21.011127,21.011127,21.011127,21.011127,21.011127,21.011127,21.011127,21.011127,21.011127,21.011127,21.011127,21.011127,21.011127,21.011127,21.011127,21.011127,21.011127,21.011127
184,Solomon Islands,21.011127,21.011127,21.011127,21.011127,21.011127,21.011127,21.011127,21.011127,21.011127,21.011127,21.011127,21.011127,21.011127,21.011127,21.011127,21.011127,21.011127,21.011127,21.011127,21.011127,21.011127,21.011127,21.011127,21.011127,21.011127,21.011127,21.011127,21.011127,21.011127,21.011127
185,Somalia,21.011127,21.011127,21.011127,21.011127,21.011127,21.011127,21.011127,21.011127,21.011127,21.011127,21.011127,21.011127,21.011127,21.011127,21.011127,21.011127,21.011127,21.011127,21.011127,21.011127,21.011127,21.011127,21.011127,21.011127,21.011127,21.011127,21.011127,21.011127,21.011127,21.011127
186,South Africa,21.011127,21.011127,21.011127,21.011127,21.011127,21.011127,21.011127,21.011127,21.011127,21.011127,21.011127,21.011127,21.011127,21.011127,21.011127,21.011127,21.011127,21.011127,21.011127,21.011127,21.011127,21.011127,21.011127,21.011127,21.011127,21.011127,21.011127,21.011127,21.011127,21.011127
187,South Asia (WB),21.011127,21.011127,21.011127,21.011127,21.011127,21.011127,21.011127,21.011127,21.011127,21.011127,21.011127,21.011127,21.011127,21.011127,21.011127,21.011127,21.011127,21.011127,21.011127,21.011127,21.011127,21.011127,21.011127,21.011127,21.011127,21.011127,21.011127,21.011127,21.011127,21.011127
188,South Korea,21.011127,21.011127,21.011127,21.011127,21.011127,21.011127,21.011127,21.011127,21.011127,21.011127,21.011127,21.011127,21.011127,21.011127,21.011127,21.011127,21.011127,21.011127,21.011127,21.011127,21.011127,21.011127,21.011127,21.011127,21.011127,21.011127,21.011127,21.011127,21.011127,21.011127
189,South Sudan,21.011127,21.011127,21.011127,21.011127,21.011127,21.011127,21.011127,21.011127,21.011127,21.011127,21.011127,21.011127,21.011127,21.011127,21.011127,21.011127,21.011127,21.011127,21.011127,21.011127,21.011127,21.011127,21.011127,21.011127,21.011127,21.011127,21.011127,21.011127,21.011127,21.011127
190,South-East Asia Region (WHO),21.011127,21.011127,21.011127,21.011127,21.011127,21.011127,21.011127,21.011127,21.011127,21.011127,21.011127,21.011127,21.011127,21.011127,21.011127,21.011127,21.011127,21.011127,21.011127,21.011127,21.011127,21.011127,21.011127,21.011127,21.011127,21.011127,21.011127,21.011127,21.011127,21.011127
191,Spain,21.011127,21.011127,21.011127,21.011127,21.011127,21.011127,21.011127,21.011127,21.011127,21.011127,21.011127,21.011127,21.011127,21.011127,21.011127,21.011127,21.011127,21.011127,21.011127,21.011127,21.011127,21.011127,21.011127,21.011127,21.011127,21.011127,21.011127,21.011127,21.011127,21.011127
192,Sri Lanka,21.011127,21.011127,21.011127,21.011127,21.011127,21.011127,21.011127,21.011127,21.011127,21.011127,21.011127,21.011127,21.011127,21.011127,21.011127,21.011127,21.011127,21.011127,21.011127,21.011127,21.011127,21.011127,21.011127,21.011127,21.011127,21.011127,21.011127,21.011127,21.011127,21.011127
193,Sub-Saharan Africa (WB),21.011127,21.011127,21.011127,21.011127,21.011127,21.011127,21.011127,21.011127,21.011127,21.011127,21.011127,21.011127,21.011127,21.011127,21.011127,21.011127,21.011127,21.011127,21.011127,21.011127,21.011127,21.011127,21.011127,21.011127,21.011127,21.011127,21.011127,21.011127,21.011127,21.011127
194,Sudan,21.011127,21.011127,21.011127,21.011127,21.011127,21.011127,21.011127,21.011127,21.011127,21.011127,21.011127,21.011127,21.011127,21.011127,21.011127,21.011127,21.011127,21.011127,21.011127,21.011127,21.011127,21.011127,21.011127,21.011127,21.011127,21.011127,21.011127,21.011127,21.011127,21.011127
195,Suriname,21.011127,21.011127,21.011127,21.011127,21.011127,21.011127,21.011127,21.011127,21.011127,21.011127,21.011127,21.011127,21.011127,21.011127,21.011127,21.011127,21.011127,21.011127,21.011127,21.011127,21.011127,21.011127,21.011127,21.011127,21.011127,21.011127,21.011127,21.011127,21.011127,21.011127
196,Sweden,21.011127,21.011127,21.011127,21.011127,21.011127,21.011127,21.011127,21.011127,21.011127,21.011127,21.011127,21.011127,21.011127,21.011127,21.011127,21.011127,21.011127,21.011127,21.011127,21.011127,21.011127,21.011127,21.011127,21.011127,21.011127,21.011127,21.011127,21.011127,21.011127,21.011127
197,Switzerland,21.011127,21.011127,21.011127,21.011127,21.011127,21.011127,21.011127,21.011127,21.011127,21.011127,21.011127,21.011127,21.011127,21.011127,21.011127,21.011127,21.011127,21.011127,21.011127,21.011127,21.011127,21.011127,21.011127,21.011127,21.011127,21.011127,21.011127,21.011127,21.011127,21.011127
198,Syria,21.011127,21.011127,21.011127,21.011127,21.011127,21.011127,21.011127,21.011127,21.011127,21.011127,21.011127,21.011127,21.011127,21.011127,21.011127,21.011127,21.011127,21.011127,21.011127,21.011127,21.011127,21.011127,21.011127,21.011127,21.011127,21.011127,21.011127,21.011127,21.011127,21.011127
199,Taiwan,21.011127,21.011127,21.011127,21.011127,21.011127,21.011127,21.011127,21.011127,21.011127,21.011127,21.011127,21.011127,21.011127,21.011127,21.011127,21.011127,21.011127,21.011127,21.011127,21.011127,21.011127,21.011127,21.011127,21.011127,21.011127,21.011127,21.011127,21.011127,21.011127,21.011127
200,Tajikistan,21.011127,21.011127,21.011127,21.011127,21.011127,21.011127,21.011127,21.011127,21.011127,21.011127,21.011127,21.011127,21.011127,21.011127,21.011127,21.011127,21.011127,21.011127,21.011127,21.011127,21.011127,21.011127,21.011127,21.011127,21.011127,21.011127,21.011127,21.011127,21.011127,21.011127
201,Tanzania,21.011127,21.011127,21.011127,21.011127,21.011127,21.011127,21.011127,21.011127,21.011127,21.011127,21.011127,21.011127,21.011127,21.011127,21.011127,21.011127,21.011127,21.011127,21.011127,21.011127,21.011127,21.011127,21.011127,21.011127,21.011127,21.011127,21.011127,21.011127,21.011127,21.011127
202,Thailand,21.011127,21.011127,21.011127,21.011127,21.011127,21.011127,21.011127,21.011127,21.011127,21.011127,21.011127,21.011127,21.011127,21.011127,21.011127,21.011127,21.011127,21.011127,21.011127,21.011127,21.011127,21.011127,21.011127,21.011127,21.011127,21.011127,21.011127,21.011127,21.011127,21.011127
203,Togo,21.011127,21.011127,21.011127,21.011127,21.011127,21.011127,21.011127,21.011127,21.011127,21.011127,21.011127,21.011127,21.011127,21.011127,21.011127,21.011127,21.011127,21.011127,21.011127,21.011127,21.011127,21.011127,21.011127,21.011127,21.011127,21.011127,21.011127,21.011127,21.011127,21.011127
204,Tokelau,21.011127,21.011127,21.011127,21.011127,21.011127,21.011127,21.011127,21.011127,21.011127,21.011127,21.011127,21.011127,21.011127,21.011127,21.011127,21.011127,21.011127,21.011127,21.011127,21.011127,21.011127,21.011127,21.011127,21.011127,21.011127,21.011127,21.011127,21.011127,21.011127,21.011127
205,Tonga,21.011127,21.011127,21.011127,21.011127,21.011127,21.011127,21.011127,21.011127,21.011127,21.011127,21.011127,21.011127,21.011127,21.011127,21.011127,21.011127,21.011127,21.011127,21.011127,21.011127,21.011127,21.011127,21.011127,21.011127,21.011127,21.011127,21.011127,21.011127,21.011127,21.011127
206,Trinidad and Tobago,21.011127,21.011127,21.011127,21.011127,21.011127,21.011127,21.011127,21.011127,21.011127,21.011127,21.011127,21.011127,21.011127,21.011127,21.011127,21.011127,21.011127,21.011127,21.011127,21.011127,21.011127,21.011127,21.011127,21.011127,21.011127,21.011127,21.011127,21.011127,21.011127,21.011127
207,Tunisia,21.011127,21.011127,21.011127,21.011127,21.011127,21.011127,21.011127,21.011127,21.011127,21.011127,21.011127,21.011127,21.011127,21.011127,21.011127,21.011127,21.011127,21.011127,21.011127,21.011127,21.011127,21.011127,21.011127,21.011127,21.011127,21.011127,21.011127,21.011127,21.011127,21.011127
208,Turkey,21.011127,21.011127,21.011127,21.011127,21.011127,21.011127,21.011127,21.011127,21.011127,21.011127,21.011127,21.011127,21.011127,21.011127,21.011127,21.011127,21.011127,21.011127,21.011127,21.011127,21.011127,21.011127,21.011127,21.011127,21.011127,21.011127,21.011127,21.011127,21.011127,21.011127
209,Turkmenistan,21.011127,21.011127,21.011127,21.011127,21.011127,21.011127,21.011127,21.011127,21.011127,21.011127,21.011127,21.011127,21.011127,21.011127,21.011127,21.011127,21.011127,21.011127,21.011127,21.011127,21.011127,21.011127,21.011127,21.011127,21.011127,21.011127,21.011127,21.011127,21.011127,21.011127
210,Tuvalu,21.011127,21.011127,21.011127,21.011127,21.011127,21.011127,21.011127,21.011127,21.011127,21.011127,21.011127,21.011127,21.011127,21.011127,21.011127,21.011127,21.011127,21.011127,21.011127,21.011127,21.011127,21.011127,21.011127,21.011127,21.011127,21.011127,21.011127,21.011127,21.011127,21.011127
211,Uganda,21.011127,21.011127,21.011127,21.011127,21.011127,21.011127,21.011127,21.011127,21.011127,21.011127,21.011127,21.011127,21.011127,21.011127,21.011127,21.011127,21.011127,21.011127,21.011127,21.011127,21.011127,21.011127,21.011127,21.011127,21.011127,21.011127,21.011127,21.011127,21.011127,21.011127
212,Ukraine,21.011127,21.011127,21.011127,21.011127,21.011127,21.011127,21.011127,21.011127,21.011127,21.011127,21.011127,21.011127,21.011127,21.011127,21.011127,21.011127,21.011127,21.011127,21.011127,21.011127,21.011127,21.011127,21.011127,21.011127,21.011127,21.011127,21.011127,21.011127,21.011127,21.011127
213,United Arab Emirates,21.011127,21.011127,21.011127,21.011127,21.011127,21.011127,21.011127,21.011127,21.011127,21.011127,21.011127,21.011127,21.011127,21.011127,21.011127,21.011127,21.011127,21.011127,21.011127,21.011127,21.011127,21.011127,21.011127,21.011127,21.011127,21.011127,21.011127,21.011127,21.011127,21.011127
214,United Kingdom,21.011127,21.011127,21.011127,21.011127,21.011127,21.011127,21.011127,21.011127,21.011127,21.011127,21.011127,21.011127,21.011127,21.011127,21.011127,21.011127,21.011127,21.011127,21.011127,21.011127,21.011127,21.011127,21.011127,21.011127,21.011127,21.011127,21.011127,21.011127,21.011127,21.011127
215,United States,21.011127,21.011127,21.011127,21.011127,21.011127,21.011127,21.011127,21.011127,21.011127,21.011127,21.011127,21.011127,21.011127,21.011127,21.011127,21.011127,21.011127,21.011127,21.011127,21.011127,21.011127,21.011127,21.011127,21.011127,21.011127,21.011127,21.011127,21.011127,21.011127,21.011127
216,United States Virgin Islands,21.011127,21.011127,21.011127,21.011127,21.011127,21.011127,21.011127,21.011127,21.011127,21.011127,21.011127,21.011127,21.011127,21.011127,21.011127,21.011127,21.011127,21.011127,21.011127,21.011127,21.011127,21.011127,21.011127,21.011127,21.011127,21.011127,21.011127,21.011127,21.011127,21.011127
217,Uruguay,21.011127,21.011127,21.011127,21.011127,21.011127,21.011127,21.011127,21.011127,21.011127,21.011127,21.011127,21.011127,21.011127,21.011127,21.011127,21.011127,21.011127,21.011127,21.011127,21.011127,21.011127,21.011127,21.011127,21.011127,21.011127,21.011127,21.011127,21.011127,21.011127,21.011127
218,Uzbekistan,21.011127,21.011127,21.011127,21.011127,21.011127,21.011127,21.011127,21.011127,21.011127,21.011127,21.011127,21.011127,21.011127,21.011127,21.011127,21.011127,21.011127,21.011127,21.011127,21.011127,21.011127,21.011127,21.011127,21.011127,21.011127,21.011127,21.011127,21.011127,21.011127,21.011127
219,Vanuatu,21.011127,21.011127,21.011127,21.011127,21.011127,21.011127,21.011127,21.011127,21.011127,21.011127,21.011127,21.011127,21.011127,21.011127,21.011127,21.011127,21.011127,21.011127,21.011127,21.011127,21.011127,21.011127,21.011127,21.011127,21.011127,21.011127,21.011127,21.011127,21.011127,21.011127
220,Venezuela,21.011127,21.011127,21.011127,21.011127,21.011127,21.011127,21.011127,21.011127,21.011127,21.011127,21.011127,21.011127,21.011127,21.011127,21.011127,21.011127,21.011127,21.011127,21.011127,21.011127,21.011127,21.011127,21.011127,21.011127,21.011127,21.011127,21.011127,21.011127,21.011127,21.011127
221,Vietnam,21.011127,21.011127,21.011127,21.011127,21.011127,21.011127,21.011127,21.011127,21.011127,21.011127,21.011127,21.011127,21.011127,21.011127,21.011127,21.011127,21.011127,21.011127,21.011127,21.011127,21.011127,21.011127,21.011127,21.011127,21.011127,21.011127,21.011127,21.011127,21.011127,21.011127
222,Wales,21.011127,21.011127,21.011127,21.011127,21.011127,21.011127,21.011127,21.011127,21.011127,21.011127,21.011127,21.011127,21.011127,21.011127,21.011127,21.011127,21.011127,21.011127,21.011127,21.011127,21.011127,21.011127,21.011127,21.011127,21.011127,21.011127,21.011127,21.011127,21.011127,21.011127
223,Western Pacific Region (WHO),21.011127,21.011127,21.011127,21.011127,21.011127,21.011127,21.011127,21.011127,21.011127,21.011127,21.011127,21.011127,21.011127,21.011127,21.011127,21.011127,21.011127,21.011127,21.011127,21.011127,21.011127,21.011127,21.011127,21.011127,21.011127,21.011127,21.011127,21.011127,21.011127,21.011127
224,World,21.011127,21.011127,21.011127,21.011127,21.011127,21.011127,21.011127,21.011127,21.011127,21.011127,21.011127,21.011127,21.011127,21.011127,21.011127,21.011127,21.011127,21.011127,21.011127,21.011127,21.011127,21.011127,21.011127,21.011127,21.011127,21.011127,21.011127,21.011127,21.011127,21.011127
225,Yemen,21.011127,21.011127,21.011127,21.011127,21.011127,21.011127,21.011127,21.011127,21.011127,21.011127,21.011127,21.011127,21.011127,21.011127,21.011127,21.011127,21.011127,21.011127,21.011127,21.011127,21.011127,21.011127,21.011127,21.011127,21.011127,21.011127,21.011127,21.011127,21.011127,21.011127
226,Zambia,21.011127,21.011127,21.011127,21.011127,21.011127,21.011127,21.011127,21.011127,21.011127,21.011127,21.011127,21.011127,21.011127,21.011127,21.011127,21.011127,21.011127,21.011127,21.011127,21.011127,21.011127,21.011127,21.011127,21.011127,21.011127,21.011127,21.011127,21.011127,21.011127,21.011127
