Country,Decade,Schizophrenia Avg Percent,Schizophrenia Avg DALYs,Depressive Avg Percent,Depressive Avg DALYs,Anxiety Avg Percent,Anxiety Avg DALYs,Bipolar Avg Percent,Bipolar Avg DALYs,Eating Avg Percent,Eating Avg DALYs
Afghanistan,1,0.21948822500000004,135.716578,4.986991810000001,893.13969,4.678418509999998,437.44096499999995,0.7004703319999999,146.90412899999998,0.1105783102,22.9509281
Afghanistan,2,0.21446063399999998,132.75786499999998,4.97523511,892.0363530000001,4.6787437,438.8916990000001,0.699672546,147.193122,0.09702438,20.295075600000004
Afghanistan,3,0.21746898800000003,135.31262699999996,4.9419882,888.91705,4.78383248,450.70999600000005,0.6995154060000001,148.00567900000001,0.1130028784,23.7365907
Albania,1,0.28079177099999997,180.69486399999997,2.3984092,372.9869120000001,3.67896694,352.10163299999994,0.541673058,117.324402,0.1001853121,21.5333745
Albania,2,0.282644046,182.275838,2.46093638,386.45616200000006,3.72279742,357.032483,0.54252695,117.7148245,0.1114869015,23.9148846
Albania,3,0.2866169559999999,185.13987600000002,2.44453335,383.401743,3.8016401899999996,364.99769000000003,0.542203425,117.7836595,0.130197955,27.8626688
American Samoa,1,0.31145410399999995,199.025512,2.66026032,397.18220399999996,3.940106229999999,375.721361,0.2795398,59.8809955,0.134382011,28.708610600000004
American Samoa,2,0.30847215199999994,196.792734,2.63048319,389.59583499999997,3.9551032800000003,376.602629,0.279667506,59.8000226,0.129201572,27.615451399999994
American Samoa,3,0.305967783,194.84784400000004,2.6288602599999997,388.255789,4.01984985,382.43287300000003,0.279729627,59.76937150000001,0.12833645700000001,27.421065000000006
Andorra,1,0.288327462,184.67674600000004,3.6343752699999996,633.177189,5.367447150000001,515.619487,0.927176981,200.085486,0.4722444739999999,100.6986897
Andorra,2,0.28725864,183.66977500000002,3.56661815,618.351523,5.405277600000001,519.092355,0.932034754,200.91612,0.506478709,108.10202489999999
Andorra,3,0.286958906,183.406555,3.5634375300000003,617.0631369999999,5.4394748900000005,521.757344,0.93530756,201.557925,0.515248512,109.907747
Angola,1,0.21306583699999998,134.500677,5.947026320000001,1086.95475,3.9612227599999996,374.965905,0.553716956,118.111492,0.1042663036,22.017354700000002
Angola,2,0.213411821,134.93437,5.8377627599999995,1063.7065900000002,3.9829562899999997,377.512617,0.55384833,118.239749,0.10851244909999999,22.9605827
Angola,3,0.21857747400000002,138.81446,5.748943150000001,1047.5484600000002,3.9668501399999996,377.323603,0.553898043,118.71796950000001,0.132247087,28.011844099999998
Antigua and Barbuda,1,0.28484442200000004,183.148373,2.95006978,508.32069200000007,4.268761510000001,408.93807899999996,0.9467244310000001,205.61928600000002,0.24493926300000002,52.1663152
Antigua and Barbuda,2,0.28669754100000006,184.08232600000002,2.93256666,504.20069699999993,4.283365829999999,410.184615,0.9478691999999999,205.774292,0.259437764,55.2400716
Antigua and Barbuda,3,0.28803867399999994,185.06123099999996,2.90624439,498.758562,4.325290560000001,414.047418,0.9452109209999999,204.97247000000002,0.268557116,57.1836639
Argentina,1,0.310603329,199.27799100000004,2.60738929,460.002491,5.0672486800000005,486.3341240000001,0.9778977729999999,211.79153800000003,0.29320062199999997,62.643791799999995
Argentina,2,0.310819095,199.46425099999996,2.5832648,457.69301400000006,5.04848387,484.5547130000001,1.0209011540000001,221.03822100000002,0.305405316,65.06384399999999
Argentina,3,0.31229552599999993,200.315535,2.41700491,431.659594,4.9411448799999995,474.2788320000001,1.03908347,225.24127800000002,0.32683789100000005,69.5867364
Armenia,1,0.27579977999999994,177.46549199999998,2.80503226,454.054792,3.12623322,299.07953,0.541738213,117.2960157,0.09535242210000001,20.5276406
Armenia,2,0.276823234,178.564076,2.87175676,468.57833,3.1551079200000003,302.41464800000006,0.542006568,117.52018059999997,0.09903480410000001,21.3564419
Armenia,3,0.280951492,181.500292,2.9415473899999993,483.888431,3.1501086000000003,302.22886200000005,0.541721938,117.6637595,0.12075160650000001,26.007961899999998
Australia,1,0.38854868500000006,247.25234299999997,4.48501171,818.106868,5.42831935,518.009848,1.11638218,239.97868400000002,0.741690815,157.45195600000002
Australia,2,0.38857099100000003,247.221883,4.71886872,867.379945,5.45311469,520.366873,1.12257113,241.22775799999994,0.9136173299999999,193.610986
Australia,3,0.388539543,247.376543,4.522399029999999,827.580249,5.65820115,540.419175,1.12503058,241.94465100000002,1.013553866,214.95302299999997
Austria,1,0.2753574769999999,175.028425,3.5456985599999995,610.915316,5.77693313,552.416588,0.901763869,193.536876,0.445100554,94.52467329999999
Austria,2,0.275487913,175.21478699999997,3.23376718,545.4535920000001,5.817019279999999,556.69373,0.90182059,193.49738500000004,0.511592526,110.2318276
Austria,3,0.275864048,175.590619,3.11041228,520.121922,5.9628201600000015,571.5144849999999,0.9012660010000001,193.59167500000004,0.5588862619999999,120.83657590000003
Azerbaijan,1,0.274162045,177.34471100000002,2.70400782,434.745399,2.5384893999999996,243.59090999999998,0.5229640590000001,113.67143300000001,0.10945931099999999,23.523993400000002
Azerbaijan,2,0.27300131399999994,176.612191,2.6914512699999995,432.38808499999993,2.5465204600000004,244.45893,0.5226667500000001,113.5816605,0.10352935249999999,22.3012522
Azerbaijan,3,0.281267502,181.912201,2.70540997,435.239406,2.5063935699999997,240.66127500000002,0.522321568,113.53131759999997,0.138552332,29.786317299999997
Bahamas,1,0.284373213,182.80819200000002,3.02312142,524.1434099999999,4.24322076,406.54807100000005,0.8990376230000001,195.224325,0.286797841,61.0722162
Bahamas,2,0.28594467,183.683349,2.98650672,516.274456,4.248723320000001,407.04949999999997,0.899460517,195.263761,0.29772853,63.37922090000001
Bahamas,3,0.284762333,182.74586900000003,2.9698746199999997,512.322316,4.31755821,413.390315,0.8992974850000002,195.171173,0.294487964,62.68716669999999
Bahrain,1,0.27111335200000003,173.61249099999995,5.09983155,944.5792099999999,4.9667368000000005,476.04005100000006,0.781472873,168.823927,0.266983629,56.7232979
Bahrain,2,0.271358231,173.85402199999996,4.94556873,911.7073790000001,4.96311106,475.89608200000004,0.779056617,168.305678,0.272572779,57.9591001
Bahrain,3,0.27094235200000005,173.747866,4.559400340000001,830.589882,4.91015615,471.527123,0.778504334,168.27726700000002,0.280525115,59.7438015
Bangladesh,1,0.2806205459999999,178.86039999999997,4.680836019999999,835.6969529999999,2.9855994299999993,282.542872,0.39057528900000005,83.6126785,0.08551672199999999,18.290423800000003
Bangladesh,2,0.278592861,177.87202599999998,4.57961557,815.262931,3.1745927099999998,301.27058900000003,0.39021291,83.70884549999998,0.0909647016,19.510148899999997
Bangladesh,3,0.27663075499999995,176.87582700000002,4.5937497899999995,817.8701139999998,3.15571496,299.923051,0.38952915099999996,83.7303701,0.1065807575,22.8118543
Barbados,1,0.28205552199999995,182.067935,3.0691368700000003,535.0079119999999,4.2444763199999995,407.506581,0.9330685500000001,203.219184,0.23279007300000001,49.703049
Barbados,2,0.282846442,182.41436299999998,3.07348671,535.5165079999999,4.2462953400000005,407.48156700000004,0.9331566410000001,203.14316,0.24029510999999998,51.2708071
Barbados,3,0.282402733,182.087106,3.10119759,541.0040550000001,4.31180425,413.50602899999996,0.9330670300000001,202.94221499999998,0.24118856900000002,51.45693680000001
Belarus,1,0.27051720599999995,173.07119,3.9919786000000004,700.666612,3.52886211,336.95023899999995,0.521308884,112.431342,0.10471715309999999,22.5355511
Belarus,2,0.27110988,173.513868,4.06733119,716.722019,3.5132059299999994,335.634796,0.521198382,112.4988236,0.10670334349999999,22.987601899999998
Belarus,3,0.27640964,177.41604500000003,3.89500809,682.1467,3.491320639999999,334.170405,0.521057107,112.7321618,0.12853673699999998,27.6520382
Belgium,1,0.274584557,174.74433100000002,3.2693356700000002,564.534598,4.97373328,476.746734,0.8974563479999998,192.823285,0.377263192,80.32904299999998
Belgium,2,0.273986686,173.67928,3.39306357,595.0690920000001,4.94143983,472.72502599999996,0.8995509499999998,192.62699200000003,0.404363295,85.8960982
Belgium,3,0.274126725,173.83442,3.5780689700000003,626.530504,5.06802576,484.46511200000003,0.900388257,192.90200699999997,0.4285986339999999,91.81331549999997
Belize,1,0.267664864,172.563397,3.2129709699999998,565.699023,4.0464593,388.258128,0.9058055640000001,197.013376,0.173543629,36.9753144
Belize,2,0.269926154,173.43262199999998,3.3006516000000006,582.933581,4.05789955,388.489339,0.906886916,196.820037,0.18581146699999998,39.545163
Belize,3,0.27020351300000006,173.45884900000001,3.27521591,577.0424740000001,4.14975665,397.10179000000005,0.907336122,196.75706300000002,0.19357229899999998,41.1947725
Benin,1,0.21145813899999996,134.94507900000002,4.360632270000001,750.27667,3.15465955,300.983568,0.545763801,117.21276929999999,0.08981685810000002,19.1498202
Benin,2,0.21193152399999998,135.802026,4.43294797,767.4946219999999,3.1638120400000003,302.510226,0.545706869,117.53060739999998,0.09232018909999999,19.7225403
Benin,3,0.212417692,136.352373,4.43804776,770.099775,3.2029888099999995,306.982801,0.5456099209999999,117.85077040000002,0.09637198899999999,20.6300954
Bermuda,1,0.298903107,193.144786,3.4972699,626.435871,4.240480939999999,407.77028100000007,0.977844664,213.14391800000004,0.316299536,67.43865600000001
Bermuda,2,0.302423124,195.444843,3.3166156300000003,588.239116,4.248095999999999,408.603391,0.9784741590000001,213.40587799999997,0.34350547400000003,73.298756
Bermuda,3,0.30439374999999996,196.71578299999996,3.16786108,556.76544,4.312115829999999,414.86168100000003,0.977989079,213.32919099999998,0.364819283,77.8579151
Bhutan,1,0.283950189,181.117095,4.18806413,729.623114,3.1905100200000005,301.70194,0.392405935,84.10039149999999,0.1006824261,21.5040095
Bhutan,2,0.286514069,183.169154,4.03958567,700.4006849999998,3.1965326099999998,303.046741,0.392657026,84.347253,0.11497706,24.558476699999996
Bhutan,3,0.286336485,183.05226,3.9661044000000003,685.149474,3.23311142,306.715685,0.39253892,84.39719159999999,0.134290574,28.6476343
Bolivia,1,0.26142289,167.00335,3.649999799999999,650.3192159999999,5.629680380000001,535.829013,0.888308004,191.72095399999995,0.19489947000000002,41.2188615
Bolivia,2,0.26319893800000005,168.708408,3.52008583,624.6730069999999,5.623016380000001,536.857984,0.8876858069999999,192.208957,0.2037277,43.2167901
Bolivia,3,0.265729132,170.67796399999997,3.4270863599999997,605.9036050000001,5.71156055,545.91238,0.8872309380000001,192.36563099999998,0.225042115,47.810901500000014
Bosnia and Herzegovina,1,0.277066592,177.73314599999998,3.2440616299999996,547.806098,3.5587746000000005,339.51708,0.549197569,118.62147479999999,0.0886411024,19.049816999999997
Bosnia and Herzegovina,2,0.28423543799999995,182.25063400000002,3.0027091300000004,496.91075599999994,3.5580361399999996,339.457636,0.548625355,118.49516700000001,0.11302498619999998,24.258207
Bosnia and Herzegovina,3,0.286695591,183.851178,2.7434281599999997,441.95559699999995,3.54252809,338.192933,0.548821913,118.6226748,0.13021375300000002,27.928306199999998
Botswana,1,0.21702088000000003,136.491856,4.24881089,722.229788,3.5154066100000003,332.32579999999996,0.54091759,115.17179060000001,0.14421545399999997,30.3759315
Botswana,2,0.22064559900000003,137.457784,4.34656775,738.6745200000001,3.52353471,331.692532,0.54092143,114.67993159999999,0.156563163,32.8884714
Botswana,3,0.22356669299999998,140.063603,4.25428613,720.860307,3.56135627,336.118637,0.540917296,115.07430949999998,0.171285705,36.1700902
Brazil,1,0.274239197,173.769549,4.07428824,740.6242920000001,6.27625205,593.9578590000001,1.11268083,238.959309,0.202547675,42.869418800000005
Brazil,2,0.274949356,173.986974,4.399134999999999,810.600104,8.30945075,784.9332529999999,1.1123424800000001,238.63592700000004,0.21013756700000003,44.4683706
Brazil,3,0.277837512,176.534738,3.8574508200000004,697.9017620000001,7.7125711,730.7260170000001,1.11205504,239.355316,0.22849549900000002,48.4231037
Brunei,1,0.306598724,197.01631199999997,1.56558251,251.74969899999996,2.86801821,275.396922,0.58805734,127.2517216,0.433161072,93.4282426
Brunei,2,0.30448752999999995,195.951104,1.5496610299999998,248.61965099999998,2.8868238600000007,277.639162,0.6015994950000001,130.415695,0.427524696,92.6580245
Brunei,3,0.304070584,195.91808399999996,1.55036418,249.08349600000003,2.8639024799999997,275.634951,0.606652534,131.591341,0.42998951500000004,93.35705750000001
Bulgaria,1,0.28277989200000003,181.405688,2.98034471,491.5156290000001,3.4154406899999996,326.374199,0.46690021900000006,100.9650331,0.13004784600000002,27.7980284
Bulgaria,2,0.283207361,182.14017800000005,2.8184617100000002,458.03144599999996,3.366568,321.912371,0.46685160200000003,101.0940484,0.13014894000000002,27.8437039
Bulgaria,3,0.28732020499999994,184.799423,2.6875980499999996,430.868984,3.4075654799999997,326.222128,0.466472113,101.0215029,0.149159697,31.909713900000003
Burkina Faso,1,0.204309237,129.70806199999998,4.314813710000001,736.28982,3.06753694,291.36712700000004,0.535356886,114.53703500000002,0.0774403039,16.5137831
Burkina Faso,2,0.205642618,131.23048500000002,4.3320513599999995,743.6374629999999,3.0751285400000006,293.395922,0.535349124,115.06293449999998,0.0817263375,17.4855777
Burkina Faso,3,0.206351063,132.53722199999999,4.4613993700000005,774.94279,3.10716508,297.61364399999997,0.5353473770000001,115.6969048,0.0888642191,19.045544500000002
Burundi,1,0.20180951,127.351126,5.47882854,971.064326,3.56799874,337.179705,0.5792825639999999,123.6418588,0.07598077250000002,16.182350200000002
Burundi,2,0.200721887,125.8948184,5.03440111,875.077737,3.55556687,334.605422,0.5793561950000001,122.98510040000001,0.06990089099999999,14.819545599999998
Burundi,3,0.200134777,126.20885200000001,4.713147510000001,811.7995799999999,3.5951394100000003,340.033521,0.579408212,123.6243571,0.0707280162,15.092833100000002
Cambodia,1,0.258646486,165.04821399999997,3.23930832,512.991485,4.443741319999999,420.765611,0.3187349359999999,68.162766,0.0610321273,13.115025300000003
Cambodia,2,0.262614148,168.35896799999998,3.09742727,485.16129699999993,4.455821609999999,423.249906,0.318417434,68.3379765,0.06578881539999999,14.19180225
Cambodia,3,0.2701571420000001,173.88852,2.97081648,460.503612,4.5525018600000005,433.71731600000004,0.31806480299999995,68.52269349999999,0.0781901713,16.899577700000002
Cameroon,1,0.21284202200000002,134.705229,4.52637084,781.7315289999999,3.17663225,301.635983,0.5344746370000001,114.19122060000002,0.10705461409999999,22.688605799999998
Cameroon,2,0.212006576,134.267447,4.61658324,800.983265,3.18313226,302.57400900000005,0.534474621,114.3294869,0.1039436976,22.0707089
Cameroon,3,0.21222890299999997,135.273798,4.607280919999999,803.067908,3.19984323,305.622884,0.5344506370000001,114.91644699999999,0.10840473939999999,23.132762800000002
Cape Verde,1,0.22324236699999997,143.74152299999997,4.73352708,836.6828229999999,3.0692320399999993,295.413279,0.579727813,125.69259449999997,0.10504850330000001,22.529131600000003
Cape Verde,2,0.226058109,145.54310000000004,4.9977455299999995,893.3492689999999,3.0607396499999995,294.428917,0.579010442,125.40704300000002,0.11903434659999998,25.494509299999997
Cape Verde,3,0.22823288800000002,147.10326700000002,4.90332826,874.3996510000001,3.0759844,296.109011,0.578244424,125.43858739999999,0.13354727100000002,28.592160699999994
Central African Republic,1,0.196444978,122.49363739999998,6.0244444,1092.07489,4.20129367,394.00282599999997,0.529921013,111.9512675,0.07899508949999999,16.7077396
Central African Republic,2,0.195015571,121.921163,5.99183017,1088.3734,4.22591598,397.368909,0.529940727,112.3041281,0.07610658000000001,16.169100799999995
Central African Republic,3,0.193000126,121.32329849999999,5.9234261,1077.99145,4.34617969,410.348866,0.5299439890000001,112.77248949999998,0.0737098861,15.727167349999998
Chad,1,0.206586604,131.66391600000003,5.09512809,904.547784,3.2113007099999997,306.19956400000007,0.5377852219999999,115.4617761,0.08184079479999999,17.5055532
Chad,2,0.20752762799999996,132.004529,5.344854700000001,955.8766350000002,3.2342874000000004,308.251621,0.5377677099999999,115.37460100000001,0.0845612294,18.060835
Chad,3,0.209824654,133.861761,5.19589881,927.1628349999999,3.330242309999999,318.04364000000004,0.5377517330000001,115.676793,0.09581099480000001,20.4340346
Chile,1,0.31309318499999994,199.91170499999996,4.27384299,807.724489,5.379776860000001,513.341627,0.942328549,203.236438,0.283344007,60.345131200000004
Chile,2,0.315522128,201.463001,4.0010144599999995,751.122831,5.520192230000001,527.6965710000001,0.9792493780000001,211.29177199999998,0.31167595400000003,66.25297900000001
Chile,3,0.31784201700000003,203.651143,3.6696205999999996,683.4584420000001,5.50188814,526.6121740000001,0.99527448,215.21783499999998,0.345695403,73.46231750000001
China,1,0.30057918899999997,195.55660199999997,3.05881094,484.016714,3.5324379900000005,340.480921,0.18173766400000002,39.49699830000001,0.06755799259999999,14.760877900000002
China,2,0.30207344,197.148072,2.8463452599999997,436.874709,3.3871368599999996,327.24511600000005,0.18206391,39.6563538,0.0786257544,17.204118400000002
China,3,0.305940803,199.97521700000001,2.733682559999999,417.877656,3.17877411,307.79691700000006,0.18188853900000002,39.678392599999995,0.1014187369,22.1513036
Colombia,1,0.276177516,177.01531900000003,2.4726460599999998,418.280191,4.73354367,453.669812,0.7415766990000001,160.63482100000004,0.184759375,39.3892595
Colombia,2,0.276579509,177.416219,2.53404223,432.279703,4.99821143,479.70486300000005,0.741157561,160.636551,0.19027600499999997,40.5797616
Colombia,3,0.27988048699999996,180.155652,2.20364876,365.703338,4.24950724,408.152594,0.740244576,160.868644,0.210488397,44.9788385
Comoros,1,0.217512133,138.999861,4.3815625,745.9632529999999,3.4597072299999994,329.629706,0.6088941199999999,131.07855899999998,0.0919165364,19.634764200000003
Comoros,2,0.216968761,139.252816,4.256271079999999,721.7546709999999,3.4533332899999998,330.058836,0.608809047,131.57444999999998,0.08842085179999999,18.9489447
Comoros,3,0.21659427200000003,139.30708199999998,4.222112409999999,716.0570690000001,3.505942030000001,335.730887,0.608733451,131.802671,0.08851056430000001,19.0370478
Congo,1,0.21424952399999997,135.219623,5.95907139,1087.0469699999999,3.73110504,352.76916099999994,0.5452406030000001,116.3479605,0.1217124608,25.698351800000005
Congo,2,0.213647671,134.90300299999998,5.9076421,1076.0963299999999,3.730897840000001,352.824291,0.545376085,116.2827219,0.11943781309999998,25.2443444
Congo,3,0.215207687,136.496013,5.58279278,1011.075621,3.7391533300000006,355.04189,0.545376851,116.83190139999999,0.12804915,27.1125228
Cook Islands,1,0.31023912899999995,199.82489900000002,3.13034332,498.74796,3.9195324500000006,375.42190300000004,0.281317979,60.7187194,0.12899686999999999,27.6648306
Cook Islands,2,0.31152371700000003,200.19976899999997,3.1302538899999997,497.00285,3.94581891,377.404808,0.281440872,60.631976900000005,0.13736923599999998,29.4298184
Cook Islands,3,0.31255899,200.28623000000002,3.15492767,500.18407499999995,4.045904009999999,386.51521700000006,0.28185098399999997,60.556503000000006,0.149288064,31.9450872
Costa Rica,1,0.28186087000000004,181.385119,3.0916458199999997,543.808841,4.0363548499999995,387.354445,0.8708741370000002,189.281548,0.194520296,41.489605499999996
Costa Rica,2,0.28342305,182.41117799999998,3.16560797,559.497219,4.055575810000001,389.50953000000004,0.871202847,189.374975,0.206321122,44.0465842
Costa Rica,3,0.28595770500000006,183.89189299999998,3.2004834900000008,566.5997649999999,4.15942237,399.336705,0.872384448,189.553993,0.22703565,48.4532176
Cote d'Ivoire,1,0.213337921,134.80318199999996,3.9296258,657.824963,3.1795440200000002,301.68099600000005,0.5315648319999999,113.54990200000002,0.10919329289999999,23.0962406
Cote d'Ivoire,2,0.212302064,134.53313,3.8846350700000003,649.992257,3.18615762,303.070464,0.53156346,113.78068430000003,0.10484981690000002,22.237338800000003
Cote d'Ivoire,3,0.21142455199999993,134.91822299999998,3.89823409,655.567124,3.22125568,307.722757,0.5315770179999999,114.35477,0.1078286959,22.984668799999998
Croatia,1,0.29088253599999997,186.134579,3.41232328,579.4835169999999,3.53653392,337.01635899999997,0.5456040609999999,117.66597499999997,0.145254629,31.0363072
Croatia,2,0.292454412,187.48426,3.16812856,528.954298,3.54338791,338.20253099999996,0.5454529189999999,117.8534971,0.15141969000000005,32.4261142
Croatia,3,0.29403862,188.60125699999998,3.01498945,497.2326289999999,3.5684437099999995,340.72998799999993,0.5451204470000002,117.82943159999999,0.164262203,35.455457
Cuba,1,0.276570395,177.76498099999998,4.68692306,874.7352960000001,4.185190680000001,400.544447,0.948456653,205.78387200000003,0.170817755,36.34780440000001
Cuba,2,0.276367804,177.935359,4.0743589,743.9334530000001,4.182990729999999,400.903258,0.9481375169999999,206.007508,0.165661408,35.324429200000004
Cuba,3,0.278835562,179.37625599999998,3.77246016,678.918793,4.229808040000001,405.39984799999996,0.947826393,206.01457999999997,0.18427395,39.3152284
Cyprus,1,0.27408036199999997,175.389884,3.05352245,509.494867,6.34102922,608.249748,0.90658455,195.44014699999997,0.35297085199999995,74.9619747
Cyprus,2,0.274701326,175.60805699999997,3.01737862,501.866476,6.436437609999999,617.227637,0.9081563449999999,195.804828,0.38560746199999996,81.92060950000001
Cyprus,3,0.274348575,175.390959,3.01314875,500.94582899999995,6.493025159999999,622.674134,0.9100478900000001,196.026056,0.40388512099999996,85.7107201
Czechia,1,0.292901804,187.483329,3.2381081299999996,544.083937,3.20300125,305.60625400000004,0.548029832,118.32812379999999,0.163253504,34.941471
Czechia,2,0.294819329,188.77177999999998,3.02784096,500.95925900000003,3.1920242199999995,304.59853899999996,0.547646758,118.26700290000001,0.172131984,37.1213724
Czechia,3,0.296377176,189.448577,2.8963024699999997,472.83579999999995,3.1646937599999996,301.61771799999997,0.547268559,118.01607500000003,0.186519795,40.083128900000006
Democratic Republic of Congo,1,0.205817262,128.60207350000002,5.55392008,992.9288559999999,3.82070252,358.412812,0.556540029,117.63260729999999,0.0795177276,16.7724823
Democratic Republic of Congo,2,0.20058255200000003,125.661818,5.46039544,975.451026,3.81468455,358.50838799999997,0.556526267,117.87000880000001,0.06555116409999999,13.899951100000001
Democratic Republic of Congo,3,0.202067045,127.71528800000002,5.42003953,973.0914849999999,3.81756825,360.97764099999995,0.556525787,118.72910440000001,0.0697619011,14.8949849
Denmark,1,0.21581033699999996,136.726675,4.1938032,745.703915,4.82943768,461.59230099999996,0.9495949280000001,203.99744700000002,0.41924917700000003,89.28487899999999
Denmark,2,0.220131648,139.682951,3.6486281000000007,631.5868360000001,4.83120528,462.168678,0.9435618729999999,202.805995,0.446661946,95.21191050000002
Denmark,3,0.24057560699999997,153.04592599999998,3.48515073,597.8122300000001,4.86878741,466.017553,0.9407442380000001,202.341716,0.462449101,98.27438459999999
Djibouti,1,0.21928118000000002,140.9165,4.436196499999999,763.405655,3.2218047099999993,308.23560799999996,0.6072824640000001,131.360219,0.10346820890000001,22.146071999999997
Djibouti,2,0.218899549,140.64774500000001,4.45131741,766.5787620000001,3.22295698,308.227105,0.607346401,131.351102,0.0982097203,21.0868171
Djibouti,3,0.21914168299999998,140.83304400000003,4.4361666799999995,764.214132,3.2459177400000003,311.09499800000003,0.607332726,131.47227300000003,0.10509780180000002,22.5301686
Dominica,1,0.270909285,174.073976,2.98559162,515.937112,4.20670946,402.882178,0.901501506,195.679928,0.18266057900000005,38.90394789999999
Dominica,2,0.27250864799999996,174.671359,2.9655983,511.5292850000001,4.19591901,401.217838,0.901557722,195.338412,0.19340303900000003,41.1724391
Dominica,3,0.274012157,175.370768,2.98588479,515.300092,4.26055554,407.20950199999993,0.9013715150000001,195.051402,0.205410142,43.702971
Dominican Republic,1,0.26795573500000003,172.38878799999998,3.8139812500000003,690.713956,4.45632838,427.333637,0.9129641519999998,198.202047,0.17851698,37.9707987
Dominican Republic,2,0.27150095500000004,174.65003599999997,3.9574367500000003,720.3184709999999,4.438772730000001,425.59952400000003,0.9110712479999998,197.83785899999998,0.19296284900000002,41.091415000000005
Dominican Republic,3,0.275479793,177.25441700000002,3.8213436800000005,691.4495420000001,4.485733399999999,430.01622699999996,0.910202411,197.64644400000003,0.21586177,45.952192399999994
East Timor,1,0.25276263299999996,160.53279500000002,3.03012363,472.36474,3.64834517,345.28799699999996,0.31614150500000004,67.3690516,0.07387166599999999,15.784583799999998
East Timor,2,0.25569019699999995,162.220346,2.8650378300000003,437.094136,3.67524595,347.76970399999993,0.316133693,67.3402365,0.0817187674,17.4670937
East Timor,3,0.26258245399999997,168.579489,2.79648846,426.42384000000004,3.7480529099999997,357.615221,0.315951774,67.95010750000002,0.09689131469999998,20.8486036
Ecuador,1,0.271474334,174.72584899999998,3.29759545,581.989566,5.095245180000001,487.95505199999997,0.9084521289999999,197.250214,0.246051763,52.2960103
Ecuador,2,0.272923876,175.681223,3.35764293,593.60198,5.11014318,489.64826200000005,0.908444484,197.314112,0.25094112200000007,53.395156
Ecuador,3,0.27549080800000003,177.377366,3.3366665299999996,589.6104539999999,5.19330557,497.90862400000003,0.908034336,197.334316,0.27579998099999997,58.71146489999999
Egypt,1,0.24572568099999997,157.798529,3.8247754199999995,670.9014420000001,4.3132936299999995,414.16193699999997,0.724487883,156.630539,0.162204003,34.4254929
Egypt,2,0.24636729100000002,158.688424,3.7429938399999996,654.518914,4.0321627499999995,388.12602799999996,0.7247095710000001,157.308344,0.175153688,37.2736311
Egypt,3,0.24708888,159.01586500000002,3.8650200200000002,680.796078,4.54991149,438.188905,0.724298971,157.11640200000002,0.19275478799999998,41.053554000000005
El Salvador,1,0.263712958,167.82005,3.6824427500000008,665.124542,4.22848949,402.891644,0.8247435519999999,177.60327,0.16107807999999998,34.1516223
El Salvador,2,0.26607238,169.553937,3.5201061000000005,631.2100649999999,4.28216091,408.70676599999996,0.8263336950000001,178.27823,0.17496085600000005,37.2000147
El Salvador,3,0.26850260600000003,171.138877,3.4264185399999993,611.3990299999999,4.394635989999999,419.828417,0.826297626,178.459218,0.19097561200000002,40.69755570000001
Equatorial Guinea,1,0.20694346000000002,129.65305999999998,5.992355420000001,1085.4678,3.8608694100000003,362.597383,0.5533697550000001,117.19497349999999,0.09383659489999999,19.747087800000003
Equatorial Guinea,2,0.22700195300000003,143.15228100000002,5.78377648,1047.9765,3.8459344100000004,363.75257700000003,0.553307999,118.0545046,0.178642711,37.6515771
Equatorial Guinea,3,0.23704495900000003,150.13469800000001,5.726394180000001,1040.33048,3.8147971799999993,361.899175,0.5533129999999999,118.54219540000001,0.22236723000000005,47.0163526
Eritrea,1,0.20451271,128.217112,4.985327360000001,861.7891649999999,3.6796978800000004,345.698351,0.5841693450000001,123.86826059999999,0.080305734,16.975065400000002
Eritrea,2,0.208377971,131.01946,4.88682614,843.5007399999998,3.66929843,345.90870799999993,0.584136752,124.3092091,0.0871948339,18.4717485
Eritrea,3,0.20654071400000001,130.81285900000003,4.842581990000001,838.573113,3.7005166599999995,350.87879899999996,0.584076152,125.12309150000002,0.085607242,18.284342099999996
Estonia,1,0.280337944,178.98430099999996,4.64141681,836.5501349999998,3.4252127999999997,326.873894,0.52421072,112.93491500000002,0.136940579,29.533161
Estonia,2,0.284394,182.279077,4.28275935,762.074957,3.4092100700000003,326.042646,0.523744948,113.15751500000002,0.148705548,32.099899
Estonia,3,0.28870609300000005,185.78957799999998,3.73786391,648.8989779999999,3.39278557,325.25050799999997,0.5231255100000001,113.3096483,0.16870692999999998,36.3011585
Eswatini,1,0.21380474400000002,135.393205,4.207503549999999,715.695129,3.4998819700000006,332.552198,0.5345191319999999,114.468813,0.13613928699999997,28.846041000000003
Eswatini,2,0.215387281,133.59244400000003,4.390035849999999,744.306612,3.5085640099999997,329.60600999999997,0.534636688,112.93072459999999,0.14099133800000002,29.582372000000003
Eswatini,3,0.21680373599999997,134.53837000000001,4.43944496,754.844072,3.5084063300000006,329.54306499999996,0.5346762249999999,112.9664841,0.148584028,31.2136371
Ethiopia,1,0.206168454,130.778476,5.02412651,876.800982,3.59341836,340.38251299999996,0.614420428,131.32275600000003,0.0638066056,13.661125900000002
Ethiopia,2,0.206866979,131.70960799999997,4.8975576599999995,855.1733170000001,3.4220863,325.11139199999997,0.6144646380000001,131.77451000000002,0.0628849808,13.512879099999997
Ethiopia,3,0.210844042,135.014849,4.65339553,808.43863,3.4175432100000003,326.157539,0.6144167709999999,132.457895,0.07693348259999999,16.5304961
Fiji,1,0.291048018,186.10769,2.91636279,449.375147,3.94793633,375.760201,0.274854937,58.934080400000006,0.093867161,20.142863700000003
Fiji,2,0.292668997,186.741358,2.92065199,449.548546,3.9549436899999995,375.818632,0.274700933,58.77013780000001,0.09665025220000002,20.711286199999996
Fiji,3,0.293608711,187.397845,2.90264527,445.74889300000007,4.01556176,381.6887029999999,0.274668593,58.8095424,0.1014097676,21.7442134
Finland,1,0.263450899,167.361279,4.837681099999999,872.1835029999999,3.8519437400000003,369.797775,0.905865859,194.37619,0.43590507,92.910316
Finland,2,0.263477074,167.089498,4.65368961,829.181028,3.690911689999999,353.42146,0.895508375,191.78464,0.47286705200000007,100.9548724
Finland,3,0.26421399999999995,167.994524,4.24338283,738.9056750000001,4.00212705,383.15806299999997,0.8906429640000001,191.10246,0.475635068,101.31542449999999
France,1,0.26904673199999996,171.85251699999998,4.23268343,757.1771880000001,6.21236418,594.246496,0.9025136170000001,194.286495,0.421711509,90.75135879999999
France,2,0.268538673,171.51629,4.0776974699999995,725.2696579999999,6.51916819,623.612699,0.903689155,194.572771,0.43955706899999997,94.021915
France,3,0.268264777,171.471045,3.90222536,687.631559,6.26872914,600.689715,0.9041305130000001,194.82219000000003,0.46219460300000004,99.1200534
Gabon,1,0.23003749399999998,145.693,5.74624116,1044.66568,3.9241443600000006,371.94093599999997,0.562142331,120.21405419999999,0.17935461000000003,37.822636599999996
Gabon,2,0.22896122100000005,144.778395,5.71526916,1036.85632,3.9356809900000003,372.966688,0.562200339,120.1407371,0.17699389100000001,37.336552
Gabon,3,0.22876614599999998,144.969611,5.55572383,1004.2189180000001,3.9667636600000002,376.33646600000003,0.562196294,120.36266700000002,0.17903965500000002,37.8401966
Gambia,1,0.21259288999999998,136.080756,5.65975244,1030.7767500000002,3.26148558,311.31566900000007,0.548333003,118.10736399999999,0.0909686401,19.3894852
Gambia,2,0.21207767400000002,135.46518,5.69960477,1036.6128,3.2618860599999993,311.04236699999996,0.5484599790000001,118.0187161,0.09037085790000002,19.258247400000002
Gambia,3,0.211637837,135.159345,5.4902658,990.8597559999998,3.29141508,314.16417800000005,0.548480143,117.95942500000001,0.0919057493,19.629063099999996
Georgia,1,0.273912559,177.14901200000003,3.26727591,551.968235,2.53008319,243.093521,0.525705612,114.31062699999998,0.1099584128,23.7059855
Georgia,2,0.27132377300000005,175.317211,3.2539459600000002,548.2339230000001,2.5301791099999997,243.01660099999998,0.525569061,114.15932589999997,0.0988133177,21.353687700000002
Georgia,3,0.275594684,177.320309,3.2899229599999997,554.5364580000002,2.50523094,239.980617,0.524980062,113.74657339999999,0.1197375445,25.7729783
Germany,1,0.261486962,166.40922600000002,3.16158924,537.710854,6.054245259999999,578.4849919999999,0.7496366689999999,160.983809,0.38790240600000003,83.50851999999999
Germany,2,0.25901284599999996,164.75617300000002,3.37482732,593.30939,6.083175249999999,582.11305,0.750704238,161.13930000000002,0.40130737400000005,86.5126944
Germany,3,0.260000384,165.249031,3.47654693,605.6017519999999,6.21647934,593.5149909999999,0.7492160290000001,160.708328,0.41874898399999994,90.2913235
Ghana,1,0.212077436,135.57856999999998,4.35534291,752.1641960000001,2.95581795,282.87279699999993,0.543897988,117.2002176,0.093974339,20.0803083
Ghana,2,0.212954797,136.42177900000002,4.37431236,756.1150490000001,2.95779333,283.30962999999997,0.543900651,117.3165186,0.09856692400000001,21.1090062
Ghana,3,0.214542076,137.51185900000002,4.352256840000001,751.6571080000001,2.9955785299999995,287.145867,0.543929847,117.4681464,0.1110757071,23.759969700000003
Greece,1,0.27277291,174.247875,5.1357332200000005,947.974568,5.56581261,533.759077,0.906206538,195.263915,0.4017642509999999,85.27357789999999
Greece,2,0.27297345700000003,173.97334499999997,5.67950003,1062.88885,5.568370880000001,533.275565,0.90526491,194.54472500000003,0.43219007100000006,92.04931930000001
Greece,3,0.27247947299999997,174.02595100000002,5.041192120000001,927.906667,5.74784444,550.982245,0.906248701,195.05031100000002,0.432418325,92.388995
Greenland,1,0.37560729200000004,236.57934400000005,6.483277090000001,1237.2006800000001,4.7529093499999995,447.81048799999996,0.6176942609999999,131.563337,0.43168577799999996,90.89765539999999
Greenland,2,0.380343243,239.97696000000002,6.33138468,1206.3611400000002,4.773865979999999,450.870446,0.6391712150000001,136.45000500000003,0.4438397340000001,93.6692511
Greenland,3,0.37995663300000004,240.21876699999999,6.047012840000001,1145.15648,4.828852469999999,456.91200499999997,0.6495746990000001,138.921856,0.48650437900000004,102.78894110000002
Grenada,1,0.271224358,174.437069,3.20921862,562.961153,4.218631790000001,403.900949,0.9203348100000002,199.91244,0.18158631499999997,38.6826187
Grenada,2,0.27488526799999996,176.666548,3.2433233499999994,570.0169030000001,4.20504497,402.53497,0.91988127,199.60712800000002,0.202266376,43.099264999999995
Grenada,3,0.277441298,177.83520800000002,3.1983049900000005,559.9938119999999,4.2691498,408.016887,0.918742501,199.178804,0.216736471,46.157273
Guam,1,0.328699331,212.66500000000002,3.1562835899999997,507.310264,3.9120800000000004,376.191093,0.28478411200000003,61.72472690000001,0.17145991,36.7560826
Guam,2,0.327549169,211.48078700000002,3.1505520799999998,504.846544,3.95159102,379.828535,0.285205971,61.755723,0.173175021,37.1049488
Guam,3,0.32807704600000004,211.58683699999997,3.1958448400000004,514.120263,3.99693738,383.61480900000004,0.28503912600000003,61.64171739999999,0.179447668,38.4107958
Guatemala,1,0.260558097,165.12304999999998,3.9452611500000003,714.3647619999999,4.08134821,387.59604999999993,0.8005023290000001,171.898176,0.16816116399999997,35.52880759999999
Guatemala,2,0.261840872,166.39206000000001,4.169812670000001,760.9853230000001,4.12774113,393.100208,0.801507384,172.633836,0.173816757,36.8884968
Guatemala,3,0.263314701,167.61341099999999,3.7646963099999993,677.8007300000002,4.23802382,404.11528300000003,0.8008918699999998,172.783539,0.18199352200000002,38.7216021
Guinea,1,0.20924073299999998,133.918536,4.26184959,731.659321,3.311567159999999,316.366977,0.537297259,115.7367387,0.0884169732,18.861199500000005
Guinea,2,0.208588509,133.727516,4.3301912399999996,746.822831,3.3304074299999997,318.851446,0.5373337269999999,115.88215400000001,0.0869628405,18.592720399999997
Guinea,3,0.20791554699999998,133.20721699999999,4.362081959999999,753.453448,3.336533,319.49244799999997,0.53729317,115.92622539999999,0.0898283165,19.231137499999996
Guinea-Bissau,1,0.20439360899999998,130.253828,4.38025617,754.4811520000001,3.06055882,291.85665,0.5266390390000001,113.127712,0.08631918999999999,18.402678299999998
Guinea-Bissau,2,0.203298076,129.694749,4.4543891900000006,770.447821,3.0645243900000003,292.491089,0.5266476370000001,113.22152649999998,0.0845915499,18.0571184
Guinea-Bissau,3,0.202725649,129.494066,4.48350109,776.9490390000001,3.08642003,294.91877999999997,0.526638361,113.30727099999999,0.08589576289999999,18.370832200000002
Guyana,1,0.255161452,160.98868199999998,4.68868091,864.683403,4.3282087,409.001658,0.8699103810000001,186.03484600000002,0.150203009,31.6585709
Guyana,2,0.258013563,163.00787999999997,5.017867669999999,935.518565,4.322302219999999,408.819159,0.8693079639999999,186.17655800000003,0.162030422,34.1988321
Guyana,3,0.26033456099999996,164.41529799999998,5.01317917,934.7708050000001,4.36534956,413.030212,0.8698455729999999,186.323027,0.178103689,37.6277518
Haiti,1,0.24318222399999997,154.067628,3.69062715,656.9394709999999,4.43963882,420.09134400000005,0.844430713,181.167748,0.12206045439999999,25.7669431
Haiti,2,0.241918947,153.51714300000003,3.65437571,650.100613,4.44787027,421.53057499999994,0.844429598,181.47994799999998,0.1199607584,25.3862394
Haiti,3,0.241104771,152.73999899999998,3.61465032,640.574042,4.577859479999999,432.9780099999999,0.844166635,181.007911,0.12017278609999997,25.4074982
Honduras,1,0.259283318,166.20402699999997,3.05694053,533.047563,3.8926130199999998,372.466445,0.8110971149999999,175.67666400000002,0.14746056400000002,31.495908999999994
Honduras,2,0.25971058100000005,166.48838800000001,3.14471014,550.891208,3.9218677299999998,375.27331599999997,0.811471768,175.76602699999998,0.15134698600000002,32.3041985
Honduras,3,0.261423211,167.31473,3.1657209699999997,554.7625129999999,4.05013095,387.57341499999995,0.8120285700000001,175.88169100000002,0.161877865,34.56552979999999
Hungary,1,0.287145795,183.66744,3.3087133699999995,558.05795,3.44602423,328.276128,0.538161839,116.15349820000002,0.15496438499999998,33.0921618
Hungary,2,0.289138012,185.539267,2.9866044999999994,492.183638,3.4551128899999997,330.11189699999994,0.538027859,116.3925343,0.163614241,35.0193315
Hungary,3,0.290892255,186.995609,2.8364426,461.13232199999993,3.42872664,327.70252199999993,0.537688941,116.4644755,0.175779197,37.7949683
Iceland,1,0.27729500099999993,177.05926399999998,3.14274913,528.7891480000001,5.09075103,488.241662,0.889976777,191.773895,0.388423999,83.0045326
Iceland,2,0.27728042900000005,177.00383200000005,2.98368972,494.900871,5.088886139999999,487.67546600000003,0.900769766,193.95983499999997,0.41392295399999995,88.358394
Iceland,3,0.277909144,177.68780800000002,2.90592777,479.376847,5.1023615300000005,489.54730200000006,0.9083139559999998,195.84686000000002,0.440714607,93.967466
India,1,0.280330271,175.95721199999997,4.3213940200000005,755.1263419999999,2.8635869700000005,266.982621,0.35477842000000004,74.8207061,0.088513559,18.816152
India,2,0.280164786,176.49650000000003,4.30442079,750.39272,2.7290722700000005,254.854929,0.354174855,74.9460924,0.098188138,20.909966700000002
India,3,0.284784963,180.03075700000002,3.7129056999999994,623.2431749999998,3.0147384000000006,283.09300199999996,0.354090793,75.1862254,0.11847202939999998,25.2108186
Indonesia,1,0.283836196,182.15961099999998,2.40369093,345.44377599999996,3.41752441,325.045576,0.330941461,71.04206950000001,0.08527714,18.400347700000005
Indonesia,2,0.284884622,183.43895400000002,2.3803300099999993,341.648828,3.42982552,327.087188,0.330775578,71.21150750000001,0.08920049839999998,19.3104382
Indonesia,3,0.290050002,187.133284,2.3737799,340.987568,3.508122169999999,335.13097600000003,0.330659316,71.316564,0.102760151,22.226403400000002
Iran,1,0.252161532,160.68368100000004,4.5458601,822.6161179999999,7.04809261,674.0005160000001,0.8154368030000001,175.33067699999998,0.20503385600000001,43.4525134
Iran,2,0.2532235,161.442128,4.576788400000001,829.9920490000001,7.14317143,683.528642,0.817343092,175.868927,0.222836117,47.2789389
Iran,3,0.254023918,161.89409400000002,4.932199720000001,905.586449,7.3812538000000005,706.051067,0.8175221340000001,175.90000300000003,0.24758132900000002,52.5484554
Iraq,1,0.24467581300000002,155.24948500000002,3.84649238,671.267682,5.04967956,480.68373599999995,0.6761560879999999,144.77578499999998,0.17564503000000004,37.0642313
Iraq,2,0.24283978800000003,154.424862,3.5079719999999996,601.0213069999999,5.0026918899999995,478.080151,0.6763143530000001,145.256564,0.173231029,36.632591
Iraq,3,0.24458078900000002,155.496344,3.8094524300000003,665.042557,5.262041419999999,503.01279700000003,0.676410203,145.35878399999999,0.197559618,41.8093752
Ireland,1,0.35698980799999996,227.60449099999997,4.108658480000001,727.6692149999999,6.4417716799999996,615.96046,0.697757317,149.72543499999998,0.32634141999999994,69.2829281
Ireland,2,0.36057550699999996,229.62844300000006,4.21346905,747.825445,6.37682515,608.976903,0.6991738249999999,149.913728,0.387913263,82.23681350000001
Ireland,3,0.36051399900000003,229.707951,4.14032369,732.8161150000001,7.12672371,683.382088,0.701063319,150.37790999999999,0.42699137699999995,90.41687950000002
Israel,1,0.302073144,193.41166,4.612742299999999,838.483647,3.5866026199999994,344.60719600000004,1.0495390500000001,226.514678,0.309404746,65.6282026
Israel,2,0.30477581,195.18757699999998,4.59863041,835.6876839999999,3.2610814699999997,313.553264,1.04897708,226.484448,0.34546636699999994,73.3432115
Israel,3,0.303034333,194.186748,4.230090840000001,756.0433479999999,3.7789181800000002,362.80284700000004,1.0507815900000002,226.9556,0.373358446,79.2715931
Italy,1,0.298901215,189.54396200000002,3.86864273,682.0353930000001,5.356631160000001,510.676685,0.8698743989999999,185.963841,0.5232340200000001,111.74597390000001
Italy,2,0.298596721,190.130106,3.69302499,647.198024,5.038792030000001,481.490016,0.8842994259999999,189.65448,0.537391728,114.3080964
Italy,3,0.29244276999999996,186.558626,3.4985989699999998,607.13823,5.54138339,530.423402,0.8930314469999999,191.84517,0.53859846,114.4225281
Jamaica,1,0.275249212,177.620927,2.9460875100000004,509.143498,3.9150361599999997,375.80510300000003,0.944864894,205.76906100000002,0.187278195,39.95997040000001
Jamaica,2,0.27642640999999996,178.10317399999997,2.92923005,504.921875,3.9317182200000005,377.14095199999997,0.9445392250000001,205.336492,0.189978861,40.52847170000001
Jamaica,3,0.27596993200000003,177.56809900000002,2.9454560499999998,507.6570089999999,4.04279054,387.250951,0.9439538410000001,205.059078,0.19195439900000003,40.9280361
Japan,1,0.30085314799999996,194.74992400000002,2.0144141400000004,346.85169099999996,2.6606467,256.781002,0.6483287860000001,141.077112,0.364840179,80.036057
Japan,2,0.301295945,195.215664,2.2123540600000005,390.01002900000003,2.60912423,251.928564,0.656395604,142.93856,0.38219595999999995,84.45797759999999
Japan,3,0.304691468,197.444724,2.11388433,375.87902599999995,2.36264414,228.417954,0.644276625,140.332622,0.38715708499999996,85.221941
Jordan,1,0.2543325019999999,163.48027900000002,4.53603085,822.556464,4.80328362,461.64274000000006,0.783826279,169.732842,0.169022021,35.961365900000004
Jordan,2,0.2533210979999999,162.92010399999998,4.3686061899999995,787.4620699999999,4.823271650000001,463.9782389999999,0.7847874920000001,170.017562,0.174489972,37.167219700000004
Jordan,3,0.254505616,163.846275,4.102371140000001,732.686835,4.901887889999999,472.07083300000005,0.7826535600000002,169.802322,0.191048057,40.711098
Kazakhstan,1,0.273251545,175.13410500000003,3.4901140399999995,594.674182,2.1230277600000003,202.59215,0.5076103,109.495016,0.12598206490000002,26.9677388
Kazakhstan,2,0.274017396,175.38400399999998,3.51199813,599.6555430000001,2.1226984399999997,202.541298,0.5077238930000001,109.52104490000002,0.12853257440000002,27.5272203
Kazakhstan,3,0.281159511,180.132043,3.4484404499999997,587.4500170000001,2.1128935,201.77152400000003,0.5075641949999999,109.58218589999998,0.15528454200000003,33.309816
Kenya,1,0.21396857100000002,135.52642799999998,5.02548404,878.533213,3.3682742399999994,319.403479,0.6020531819999999,128.77073000000001,0.09741363460000001,20.7617603
Kenya,2,0.214792141,135.92279100000002,5.065938569999999,887.014316,3.37358642,319.94237100000004,0.602196963,128.80455999999998,0.09503221619999999,20.2890299
Kenya,3,0.21510141800000002,137.25768499999998,4.75730594,826.718412,3.4051694299999995,324.563322,0.601920428,129.52782000000002,0.10146432059999999,21.7549378
Kiribati,1,0.25992774100000005,164.949142,3.0962989399999996,484.120118,3.9947516199999997,378.621757,0.257226171,54.82555609999999,0.06956114799999999,14.915669600000001
Kiribati,2,0.259127039,164.95596600000002,2.9987295399999994,464.0415120000001,4.000383300000001,379.701804,0.25720990600000004,54.9290575,0.06822751100000002,14.690619799999997
Kiribati,3,0.25726772299999995,163.84221499999998,2.9655492600000004,456.81962699999997,4.0673981800000005,386.06422399999997,0.257166379,54.892938700000016,0.068189531,14.68855185
Kuwait,1,0.27724457999999996,178.869853,3.9163277899999995,698.7587230000001,4.23018344,407.75093899999996,0.7992747140000002,173.550919,0.30732996100000004,65.98027
Kuwait,2,0.278294548,179.152882,3.96154762,707.5003839999999,4.24779913,409.332669,0.7982180750000001,173.15161200000003,0.32888834,70.496094
Kuwait,3,0.275806813,177.338789,3.9879746800000007,710.59791,4.485640859999999,432.171651,0.8067727079999999,174.843358,0.348777311,74.62806800000001
Kyrgyzstan,1,0.264512599,170.26088900000002,3.6200619000000005,624.9148690000001,2.054698,196.75877499999999,0.5158865429999999,111.72184360000001,0.0917869559,19.743843400000003
Kyrgyzstan,2,0.261305317,168.503591,3.516922029999999,604.821191,2.0568384199999996,197.26381899999998,0.515779116,111.89862660000001,0.0823634195,17.7488301
Kyrgyzstan,3,0.261998638,169.39945000000003,3.4037625300000003,582.371908,2.0569755499999998,197.55726600000003,0.5158097680000001,112.18740190000001,0.08992678350000001,19.4114641
Laos,1,0.26390466900000004,169.283316,2.91965305,451.2537219999999,4.2516421399999995,404.597139,0.324897386,69.85652179999998,0.0682736884,14.7117899
Laos,2,0.268332611,172.672952,2.7680306499999996,420.753432,4.27800068,408.144805,0.324789282,70.0074808,0.0753288685,16.244448300000002
Laos,3,0.27596488999999996,178.07226799999998,2.73280749,414.479205,4.481541050000001,428.57072800000003,0.324747169,70.1352316,0.0902201004,19.4581905
Latvia,1,0.2774051129999999,176.543345,4.280590720000001,757.574416,3.7626610900000004,358.250177,0.521079912,111.9511482,0.13177327,28.205328599999994
Latvia,2,0.279629372,178.70031699999998,3.9735772600000003,695.426029,3.7582650799999997,358.785706,0.5208762169999999,112.2918592,0.136108039,29.235087900000003
Latvia,3,0.284645536,182.76004400000002,3.73523116,647.71447,3.7683904799999994,360.785442,0.520396752,112.53752900000002,0.15833568300000003,34.074225
Lebanon,1,0.253537285,161.541643,4.694687610000001,851.4536400000001,5.96149638,569.7184359999999,0.9412261469999998,202.62273499999998,0.193621804,40.937914899999996
Lebanon,2,0.253348853,161.62647700000002,5.0389964,924.6898539999999,5.96024173,570.808536,0.942218513,203.13792999999998,0.20623464499999997,43.72262889999999
Lebanon,3,0.25364737899999995,161.635507,4.94705785,904.154132,6.475052299999999,621.87665,0.9413102099999999,203.02761099999998,0.22276174699999998,47.29385450000001
Lesotho,1,0.197370441,124.97255700000001,5.200465459999999,925.89655,3.50199546,332.42090599999995,0.532108776,113.97633350000001,0.0873925909,18.6105763
Lesotho,2,0.200506254,125.1909545,5.340256989999999,946.78102,3.5147029999999995,331.24751299999997,0.532121141,112.88242299999999,0.0936506815,19.8289249
Lesotho,3,0.20291812699999995,126.0151805,5.4643906399999995,969.46281,3.5604237600000004,334.53811399999995,0.5321672559999999,112.6244729,0.10357766279999998,21.8924096
Liberia,1,0.205325825,128.12663400000002,4.5571252,780.9340759999999,3.41588761,320.59904199999994,0.543303657,114.5915213,0.0710131145,14.9642281
Liberia,2,0.20437007299999999,127.954548,4.7599429,826.2603139999999,3.4342072100000003,323.082583,0.543324761,114.8931404,0.0673333975,14.2623004
Liberia,3,0.205906397,129.587248,4.80173381,838.8271649999999,3.4764364100000003,328.778694,0.5433540689999999,115.52042449999999,0.073992508,15.780767799999998
Libya,1,0.25977502199999997,166.71892500000004,4.26110288,765.780628,5.1260132,492.604129,0.769140493,166.394735,0.24004729100000005,50.9858109
Libya,2,0.257315742,164.757355,4.33588628,779.584884,5.1716938,496.271378,0.7698763650000001,166.43854900000002,0.236063949,50.128791299999996
Libya,3,0.25372577,161.78168299999996,4.36979199,784.7245510000001,5.2658973499999995,504.43400599999995,0.770076064,165.937438,0.22346145699999997,47.4092613
Lithuania,1,0.278667148,177.673081,4.30253571,764.408281,4.30292665,410.07709400000005,0.521934903,112.209171,0.134211458,28.635769000000003
Lithuania,2,0.280614615,179.32011199999997,4.26268298,757.202589,4.40424058,420.82794700000005,0.5217676820000001,112.43359740000001,0.138389074,29.5667448
Lithuania,3,0.28635105699999996,183.624514,4.038575,711.5111309999999,4.3172592100000005,413.00381799999997,0.521418028,112.67021059999999,0.16340861999999998,34.9315602
Luxembourg,1,0.27891040300000003,177.179308,3.7485948799999997,653.122631,5.33869027,510.28938099999993,0.8974082449999999,192.53823699999998,0.470035121,100.6442534
Luxembourg,2,0.279985666,177.962756,3.4411537799999996,588.3960410000001,5.35217868,511.75592500000005,0.897437873,192.663617,0.525359005,112.37989400000001
Luxembourg,3,0.2811954610000001,178.951147,3.2201136,542.7337900000001,5.29832805,507.054123,0.8965169040000001,192.648119,0.558199356,119.7126734
Madagascar,1,0.212468987,134.98254000000003,4.83759965,839.003975,3.82587268,362.988433,0.597445223,127.97560649999998,0.0861122356,18.3247894
Madagascar,2,0.212627794,135.62545400000002,4.762965149999999,825.1285539999999,3.85187811,366.339359,0.5974225320000001,128.31241500000002,0.0832771435,17.7859321
Madagascar,3,0.21194784600000002,135.85382599999997,4.7251784599999995,820.2704879999999,3.9292800299999997,375.02213500000005,0.5973871740000001,128.911313,0.0844286262,18.1067988
Malawi,1,0.19962052999999996,125.76490090000001,4.27809545,716.861909,3.7068226,349.32386899999995,0.57739683,122.9219746,0.0736117996,15.632977
Malawi,2,0.20091865700000003,126.7018115,4.16699488,694.700755,3.7304284800000005,352.34394000000003,0.5774312960000001,123.248092,0.07392134759999999,15.7708448
Malawi,3,0.20112854200000002,127.9897594,4.079692769999999,680.164555,3.8120780999999995,362.4081949999999,0.5774091739999999,124.12544129999999,0.077859258,16.7295233
Malaysia,1,0.302829554,194.880022,3.22801318,515.569221,4.461927440000001,425.923588,0.339720009,73.23060029999999,0.1171582186,25.130584699999996
Malaysia,2,0.307909412,198.60306500000002,3.33356378,540.4701529999999,4.553807699999998,436.51925900000003,0.339597767,73.3277635,0.129130193,27.769324599999997
Malaysia,3,0.312515397,201.870506,3.57192049,592.6708330000001,4.597139650000001,440.21018999999995,0.33946539299999995,73.318461,0.14241193700000004,30.6374786
Maldives,1,0.29591322800000003,190.895902,3.50428184,578.1467700000001,3.6209397900000004,346.03544,0.34069207500000004,73.4946105,0.09535748299999999,20.509763799999998
Maldives,2,0.300329369,194.44641099999998,3.2334154600000007,521.301445,3.6451154800000003,349.48563899999994,0.340380835,73.6994058,0.10803234020000001,23.2319323
Maldives,3,0.308611662,200.72765199999998,2.9681641500000007,469.14898999999997,3.6063454400000006,346.68851299999994,0.339203755,73.7426031,0.11789217789999998,25.405275600000003
Mali,1,0.20837130299999998,132.74539499999997,3.5812914300000003,586.646504,2.6313561099999996,250.292476,0.541874465,116.20363520000001,0.080036322,17.097736200000003
Mali,2,0.209458754,133.664512,3.46464583,563.719071,2.6405594,251.63891999999996,0.5419768789999999,116.43546309999999,0.0848115421,18.102495499999996
Mali,3,0.20987403799999998,135.033851,3.483801700000001,570.729465,2.69062368,257.705376,0.541982531,117.14525839999999,0.0904854945,19.3960414
Malta,1,0.274794557,175.435447,3.11758633,522.329172,6.24438109,598.273255,0.9173767439999999,197.45419700000002,0.327533021,69.8412524
Malta,2,0.27562408200000005,175.823925,3.0439129800000004,506.8899640000001,6.275748649999999,601.095267,0.914225378,196.644058,0.366351547,78.10355860000001
Malta,3,0.276592248,176.440876,3.02829048,503.7197560000001,6.270097409999999,600.513014,0.9124772739999999,196.266134,0.3983045740000001,85.0622256
Marshall Islands,1,0.273415066,175.014194,2.95492279,459.27128300000004,3.93718143,375.056398,0.265564879,56.95236769999999,0.07732687159999999,16.6420228
Marshall Islands,2,0.273252086,174.38346099999998,2.91832365,450.67260099999993,3.93487123,374.39948300000003,0.265828595,56.8991719,0.0772926197,16.620369600000004
Marshall Islands,3,0.273226961,174.060137,2.8806814800000002,442.00218000000007,3.99499744,379.7838270000001,0.26590279,56.8585773,0.08069180899999999,17.362806900000002
Mauritania,1,0.21860586699999995,140.78762700000001,3.7204645299999997,621.748313,2.72369353,261.681362,0.5560713020000001,120.3383198,0.10167858109999998,21.7950966
Mauritania,2,0.218425847,140.98979500000002,3.6007099600000005,596.8237969999998,2.72463339,262.02520200000004,0.5561264109999999,120.61044809999999,0.1021377653,21.901328799999998
Mauritania,3,0.21917280300000003,141.43262700000002,3.60940719,599.2719669999999,2.73526284,263.31637,0.5560995849999999,120.607181,0.11063205139999999,23.7134186
Mauritius,1,0.297574812,190.93683800000002,4.21914777,725.7499659999999,3.81303142,363.064446,0.337509689,72.6292822,0.10876982449999999,23.265176
Mauritius,2,0.301681571,193.09330800000004,4.23072893,726.310051,3.8329254999999995,364.445581,0.337501665,72.5109401,0.119441493,25.502308399999997
Mauritius,3,0.306289196,196.01331799999997,3.8813737500000003,652.967422,3.83409379,364.756871,0.337496741,72.51092180000002,0.1319194065,28.169001199999997
Mexico,1,0.281631529,180.44705100000002,3.1049009800000005,539.0333130000001,2.95619181,282.1187,0.915635792,198.37060200000002,0.229877551,49.1707265
Mexico,2,0.28247307499999996,180.840435,3.256664,570.976958,3.55815489,340.961956,0.9159684749999999,198.33713899999998,0.23537148000000002,50.3367189
Mexico,3,0.28426695,181.61534799999998,3.52219928,627.7129079999999,3.55687939,340.117304,0.9152495250000001,197.87079500000002,0.239023823,51.00842780000001
Micronesia (country),1,0.27073969999999997,173.738436,3.00359166,469.77090100000004,3.94078458,376.12424500000003,0.264638511,56.922983699999996,0.0765827782,16.468836600000003
Micronesia (country),2,0.270896599,173.533257,2.9398739600000003,454.920935,3.9516165699999997,376.725451,0.264590506,56.83728979999999,0.07755434650000001,16.695355600000003
Micronesia (country),3,0.270733576,173.353969,2.90353723,447.33220199999994,4.0152148400000005,382.87464500000004,0.264498511,56.785492,0.0790510397,17.0293546
Moldova,1,0.268845318,171.992153,3.58866705,615.059808,4.10855961,391.79067899999995,0.518998307,111.849575,0.10466271699999999,23.627561300000004
Moldova,2,0.264865891,169.99627099999998,3.3636884200000003,569.522414,4.094292909999999,391.3914879999999,0.518631881,112.057143,0.0915458592,20.8033543
Moldova,3,0.26744232300000004,171.968092,3.23698324,543.837601,4.08892167,391.30504900000005,0.51837412,112.20952859999997,0.10350412360000001,23.311195499999997
Monaco,1,0.293975593,187.67120100000002,4.056528269999999,721.1845839999999,5.430127919999999,520.8484679999999,0.89921937,193.857574,0.7216050030000001,153.52275
Monaco,2,0.292671191,186.56026400000002,4.03827959,716.5458579999998,5.44341837,521.7691020000001,0.899024176,193.506054,0.7643712309999999,162.58792699999998
Monaco,3,0.293433635,186.867143,4.05536234,719.351317,5.477947669999999,524.726123,0.9004924750000001,193.63817699999998,0.8299135310000001,176.458552
Mongolia,1,0.26248510199999997,168.856472,4.03278706,714.469429,2.10560552,201.46659,0.499668083,108.13972700000002,0.0974449171,20.916589600000002
Mongolia,2,0.26423752300000003,169.80968499999997,4.0773310700000005,723.9398839999999,1.95162483,186.941598,0.499859133,108.19669710000001,0.10134528000000001,21.7852877
Mongolia,3,0.269639813,173.30263300000001,4.0110113499999995,710.6507039999999,1.9762183599999996,189.45461799999998,0.49994486800000004,108.36157180000001,0.12360471699999998,26.524352500000003
Montenegro,1,0.28581801999999995,183.97895899999997,2.85491768,467.06114400000007,3.65383384,349.818981,0.54110489,117.39226490000001,0.13453399800000002,28.839025600000003
Montenegro,2,0.284887234,183.416759,2.8528034900000003,466.337792,3.6771553000000003,351.944353,0.541275465,117.37924860000001,0.13169293399999998,28.289572500000002
Montenegro,3,0.287786666,185.16994500000004,2.8204458900000002,459.22411700000004,3.6608905899999997,350.383477,0.5410740759999999,117.22243550000003,0.14815970900000003,31.851761
Morocco,1,0.24146857000000002,154.613693,5.18407882,957.7582249999999,4.65549183,446.129243,0.746203834,161.152824,0.15385448000000002,32.669958199999996
Morocco,2,0.24144727300000005,154.45917599999999,5.13907176,947.550775,4.68912294,449.504745,0.7464870730000001,161.131688,0.16166022700000002,34.2819888
Morocco,3,0.24205069099999998,154.74289600000003,5.098242760000001,938.8542300000001,4.74279646,454.81989599999997,0.745551368,160.833796,0.178906637,37.949883199999995
Mozambique,1,0.195666207,123.04530809999999,4.86358633,836.1206919999998,3.95853094,372.74870899999996,0.5785109979999999,122.9327438,0.0619521451,13.2234937
Mozambique,2,0.199853694,125.4879354,4.93277291,850.4323919999999,3.9565108600000003,372.661017,0.5785389870000002,122.87714679999999,0.069985033,14.8951591
Mozambique,3,0.20277625800000001,127.61732849999999,4.96207402,859.085649,4.007009780000001,378.59203400000007,0.5785532030000001,123.32934249999998,0.07992175909999999,17.050413600000002
Myanmar,1,0.256632081,164.635692,2.16800255,292.988554,3.8054848900000002,361.539545,0.3166455119999999,67.9837588,0.0567906227,12.310050299999999
Myanmar,2,0.26291127500000006,169.07528800000003,2.12480302,284.034204,3.8427616299999996,366.01784200000003,0.31668853500000005,68.1615654,0.0667645119,14.4720741
Myanmar,3,0.273414132,176.21428200000003,2.15255136,289.866348,3.9256284999999997,374.557964,0.316714782,68.2953455,0.08689014299999999,18.771429
Namibia,1,0.21725879199999998,137.380221,3.69164959,608.659005,3.41934751,324.24723099999994,0.5531624259999999,118.297039,0.135596047,28.6485009
Namibia,2,0.21818849199999998,137.139348,3.6363607799999995,593.92816,3.43085397,324.23062899999996,0.5531426429999999,117.80338009999998,0.139077206,29.345604400000003
Namibia,3,0.220971566,139.447555,3.5765498399999998,583.9406740000001,3.5036263500000002,332.11174700000004,0.5531862669999998,118.250785,0.15441389499999997,32.708654499999994
Nauru,1,0.292007528,187.89827100000002,3.10699914,493.78692900000004,3.92325016,375.719064,0.26147300900000003,56.356759,0.11504584650000002,24.6656737
Nauru,2,0.27634704499999996,177.365861,3.1051641500000002,491.953846,3.92955886,375.739501,0.261863954,56.325080400000004,0.08917194,19.1990814
Nauru,3,0.27941984999999997,179.20387399999998,3.13985052,496.84422300000006,4.0230237,384.255974,0.26140024100000003,56.1560559,0.10005280239999999,21.4709046
Nepal,1,0.27332460500000005,172.60806399999998,4.682973390000001,826.1992009999998,2.9585437000000003,278.358243,0.385157989,81.8870724,0.0830647093,17.7313452
Nepal,2,0.272065784,172.59266,5.100115710000001,915.3140970000001,3.00889147,284.06609100000003,0.38493709200000004,82.1621564,0.087998424,18.828048900000002
Nepal,3,0.268419296,170.524466,4.970391129999999,889.824328,3.20035976,302.724129,0.384168084,82.248122,0.0979809853,20.9671216
Netherlands,1,0.3835617720000001,245.758277,3.5600568700000004,624.2481690000001,6.795108789999999,652.9055500000001,0.78579245,169.77701000000002,0.284372494,60.5124591
Netherlands,2,0.38303644699999995,245.616444,3.5556155699999996,623.739092,6.4360736,619.7939560000001,0.787057651,170.176538,0.32965348399999994,71.25683240000001
Netherlands,3,0.37152506099999993,238.000947,3.50129624,609.749637,6.692604610000001,643.635586,0.7877039179999998,170.29543199999998,0.375024946,81.9648506
New Zealand,1,0.38973810500000006,247.26471099999998,3.61314813,630.7322250000001,7.387992989999999,703.0834520000001,1.4838364600000002,318.614251,0.546908019,115.03518220000001
New Zealand,2,0.3896266950000001,248.13443900000001,3.64230434,641.7069220000001,7.464812650000001,712.5603239999999,1.50011649,323.19753699999995,0.5590555660000002,117.82907150000001
New Zealand,3,0.38911932899999996,247.822251,3.698858440000001,653.2802680000001,7.25717673,691.891333,1.5066229699999998,324.66234599999996,0.58850186,124.3045994
Nicaragua,1,0.268549724,171.255426,3.28997765,583.194047,4.2270234900000005,403.22752799999995,0.853409471,184.146344,0.146076688,31.065431999999998
Nicaragua,2,0.26840239499999996,171.56053100000003,3.35718487,598.3858629999999,4.24176886,405.77641200000005,0.852841054,184.377366,0.147397291,31.4299157
Nicaragua,3,0.27066692000000003,173.29182999999998,3.2739131899999996,581.2260580000001,4.329804180000001,414.69667200000004,0.8519541800000001,184.536854,0.15807111899999998,33.77700660000001
Niger,1,0.207794482,133.066309,4.1546386,710.9759220000001,2.8152939500000005,269.12138799999997,0.542873485,117.01632509999999,0.075660092,16.228448399999998
Niger,2,0.20653729800000004,132.78337,4.18393838,718.233032,2.8340296500000006,271.425338,0.542853573,117.22043589999998,0.07269775740000002,15.6331807
Niger,3,0.20638188499999996,133.014212,4.19884375,722.491235,2.9294932699999996,281.26793699999996,0.5428500789999999,117.5704967,0.0759916266,16.38390025
Nigeria,1,0.21860187,139.29950300000002,4.2968105,741.2028089999999,2.9300834,278.878414,0.5545116059999999,118.8259824,0.09785539030000001,20.867099500000002
Nigeria,2,0.219198306,139.67499600000002,4.610899730000001,807.493734,2.8916964500000004,275.690423,0.5546155200000001,118.870795,0.1023260646,21.795954899999995
Nigeria,3,0.22186619300000002,141.910763,3.93422242,664.4909719999999,3.0300644599999997,289.424645,0.554363507,119.23972409999999,0.12417720559999998,26.443273499999997
Niue,1,0.29448199899999994,189.20075100000003,3.15002563,499.923862,3.9610613999999997,378.443579,0.27512304000000004,59.2030922,0.10334664949999998,22.2123548
Niue,2,0.295624934,189.544684,3.1336501200000004,496.19725600000004,3.93780612,375.7191249999999,0.27496017600000006,59.065197,0.1050741881,22.564118599999997
Niue,3,0.29785755399999997,190.37706899999998,3.1379743099999997,495.86116899999996,3.9957597000000007,380.639867,0.27500691499999996,58.9446091,0.11459602100000002,24.524136700000003
North Korea,1,0.27101190300000005,176.609611,2.86371076,437.68003600000003,3.6425266699999996,351.121699,0.182364098,39.692454500000004,0.069426147,15.123422150000001
North Korea,2,0.266599315,173.804817,2.7672235499999998,418.037371,3.6305833099999996,349.89132500000005,0.182202213,39.68274720000001,0.06425422989999999,14.0651242
North Korea,3,0.263024378,171.70853300000002,2.6810442800000005,401.254914,3.6088919299999995,348.144085,0.181994106,39.61243160000001,0.065293694,14.300057050000001
North Macedonia,1,0.285136636,183.46905,2.6912530400000003,431.54882200000003,3.5879321500000003,343.116557,0.542571597,117.53361749999999,0.124867645,26.716097400000002
North Macedonia,2,0.284959148,183.41826,2.60645149,413.94838,3.60598278,345.093643,0.542376604,117.6154215,0.1235238538,26.454718300000003
North Macedonia,3,0.286850554,184.67618799999997,2.55231134,403.06377899999995,3.6006955100000004,344.69029,0.5419840730000001,117.55792439999998,0.136521208,29.249056299999996
Northern Mariana Islands,1,0.32397982399999997,209.171315,2.6623246199999997,403.31268600000004,3.9099565800000002,375.737264,0.280416138,60.6999052,0.169243759,36.280668399999996
Northern Mariana Islands,2,0.318564781,205.15132699999998,2.7113850399999997,411.001856,3.96578086,380.551477,0.28063304499999997,60.559522,0.161968237,34.6991146
Northern Mariana Islands,3,0.31277388300000003,201.39227099999997,2.75370076,419.36650199999997,3.9953246400000006,382.924013,0.28035535599999994,60.49549879999999,0.147763841,31.656908200000004
Norway,1,0.28256644699999994,179.364125,3.0269834200000005,506.0318639999999,7.05889471,674.62586,0.835264785,179.09749800000003,0.41985218199999996,90.021093
Norway,2,0.283385524,180.541056,3.08760772,520.3186950000002,6.82523512,653.855306,0.8321841620000001,178.765082,0.435657548,93.27150450000002
Norway,3,0.283258868,180.70194299999997,3.1576086000000005,536.92483,6.78376562,650.000112,0.8292695889999999,178.28151899999997,0.459526579,97.97769000000001
Oman,1,0.264712149,170.68657000000002,3.92327198,698.701595,4.59368138,442.16635799999995,0.690464618,149.66520599999998,0.246994696,52.705230400000005
Oman,2,0.264597158,170.39551,3.97213463,707.6357370000001,4.677744939999999,450.507957,0.6943666399999999,150.62142000000003,0.26829738599999997,57.24679189999999
Oman,3,0.265524441,171.20408100000003,3.9118021,697.506432,4.58249041,441.55682499999995,0.686624799,149.007629,0.268701295,57.40241299999999
Pakistan,1,0.2834630429999999,180.747691,3.9796691500000003,686.3575250000001,3.3443540900000004,315.96008300000005,0.388378996,83.0664898,0.10125128140000002,21.646506499999994
Pakistan,2,0.281666984,179.506142,3.9512222900000005,679.6314000000001,3.37918483,319.10550699999993,0.3882028229999999,82.9803085,0.10432187639999999,22.3270613
Pakistan,3,0.27929886099999995,177.89226200000002,3.8417450000000004,657.3483009999999,3.4431863099999993,325.465833,0.38798304399999994,83.0114574,0.11516790700000001,24.613206599999998
Palau,1,0.297678793,191.369767,3.1229993899999995,495.88682000000006,3.922959690000001,375.20720900000003,0.27086270199999996,58.308157400000006,0.11645783089999999,24.9422706
Palau,2,0.299264241,191.806815,3.08828515,489.409112,3.8854590200000003,370.8473540000001,0.270137193,58.10668059999999,0.11617418990000002,24.882253000000002
Palau,3,0.29794657599999996,190.57977900000003,3.0995114200000002,490.47998499999994,3.9512238,376.71106299999997,0.27019953,57.987315699999996,0.11819623500000001,25.294062099999998
Palestine,1,0.24868215300000002,157.978885,6.415222760000001,1216.33768,5.4318998999999994,518.2931310000001,0.7912871659999999,169.729537,0.13515563,28.617299300000003
Palestine,2,0.248665994,157.68241000000003,7.015095840000001,1344.81626,5.4634396800000005,521.084074,0.7906998189999999,169.48005199999997,0.144332069,30.550973199999998
Palestine,3,0.248021539,157.03187200000002,6.55920619,1245.2982099999997,5.522976600000001,526.6745589999999,0.79093512,169.434661,0.153268563,32.423175400000005
Panama,1,0.279169036,179.657309,2.9636608399999997,516.6958579999998,3.49904614,335.674154,0.849766536,184.450388,0.200797428,43.249470099999996
Panama,2,0.280975134,180.734308,2.967805,517.712573,3.515460460000001,337.37773300000003,0.8499361799999999,184.59926299999998,0.225461391,48.5496617
Panama,3,0.28658398300000004,184.21835799999994,2.9386504799999993,511.318419,3.61501257,346.826467,0.849849399,184.42123199999997,0.266481806,57.36452469999999
Papua New Guinea,1,0.27108351199999997,172.070973,3.17251251,502.216536,3.9200762300000007,370.897163,0.26346898100000005,56.06381699999999,0.07518589089999998,16.042652099999998
Papua New Guinea,2,0.27058333700000003,171.92889400000004,3.1232796199999995,492.734803,3.9222095100000005,371.736276,0.263559969,56.17980240000001,0.0743836135,15.9037707
Papua New Guinea,3,0.271397969,172.514925,3.08230304,484.153191,3.9765555799999994,377.151789,0.263639564,56.284408400000004,0.078071152,16.7078462
Paraguay,1,0.274166322,175.76270299999996,3.5153100999999998,626.184982,6.143692370000001,585.8275550000001,1.09062237,236.155431,0.18718319,40.6446645
Paraguay,2,0.273628376,175.30187500000002,3.5335445899999995,629.8995279999999,6.146761359999999,586.327584,1.09023082,236.078378,0.19539004100000001,42.5459592
Paraguay,3,0.276132557,176.94598299999998,3.6684608600000006,658.629583,6.236960390000001,594.743781,1.0898888199999999,235.97626300000002,0.21060365,45.8274107
Peru,1,0.272643993,175.71507700000004,2.39777192,393.277002,5.45239487,521.908999,0.9203476820000001,199.82153600000004,0.253287482,53.8507612
Peru,2,0.274321881,177.124575,2.28485054,370.566161,5.46795489,524.657222,0.919962706,200.20261499999998,0.276227805,58.9113067
Peru,3,0.27825675800000005,179.69757299999998,2.18786492,350.472158,5.53200359,531.242705,0.9197341629999999,200.32552600000002,0.292832211,62.55336989999999
Philippines,1,0.283651062,181.30572,2.98487828,465.67501200000004,4.48478629,425.72070700000006,0.337118829,72.16831099999999,0.0874982645,19.0125342
Philippines,2,0.284900765,182.812311,2.7630497099999998,419.976708,4.50614689,428.776168,0.33705771799999995,72.38058910000001,0.0892500952,19.4392032
Philippines,3,0.28917420400000005,185.99159400000002,2.75800318,420.03691100000003,4.54636802,433.424438,0.336981507,72.5208165,0.097796495,21.1447246
Poland,1,0.285978318,182.495677,2.2926791,350.207637,3.12197295,297.150166,0.5513568369999999,118.65647549999998,0.13138828700000002,28.118126999999998
Poland,2,0.28962776300000004,185.91435600000003,2.18918106,330.35200199999997,3.11873838,298.10966700000006,0.5511582639999999,119.1787546,0.150122907,32.49014029999999
Poland,3,0.29339236199999996,188.68460399999998,2.1378149799999995,320.178897,3.0970150399999996,296.488333,0.550836494,119.27008310000001,0.176199889,38.335312699999996
Portugal,1,0.26851875700000005,169.98123900000002,4.94995937,902.499135,7.846716120000001,748.1301559999999,0.8777823710000001,187.874358,0.353784245,74.7496434
Portugal,2,0.26913735,170.464574,5.00373787,914.4429900000001,7.91641013,755.28098,0.8737930460000001,187.169452,0.393759555,83.2026635
Portugal,3,0.26871802,170.808548,4.484234460000001,805.9544410000001,7.962495489999999,761.411145,0.8729631330000001,187.44669799999997,0.412117124,87.19552610000001
Puerto Rico,1,0.288135126,184.706697,2.9544719300000004,508.892253,4.403189080000001,421.52975100000003,0.9478545549999999,205.37001500000002,0.27645916499999995,58.86575110000001
Puerto Rico,2,0.29162968800000005,186.64668899999998,2.8717473000000004,490.947391,4.41699795,422.43573100000003,0.9472452990000001,205.06096499999998,0.301309447,64.0844836
Puerto Rico,3,0.292091978,187.222685,2.81529866,479.501131,4.4122509800000005,422.14061300000003,0.9468834700000001,205.219493,0.309082479,65.78503840000002
Qatar,1,0.28022386499999996,179.79666400000002,4.226974230000001,764.874972,4.32135321,415.64532700000007,0.7555009619999999,163.46358,0.30883825299999995,65.88071049999999
Qatar,2,0.28312019299999996,181.394095,4.149107419999999,748.0705990000001,4.30520488,414.171224,0.7549886540000001,163.136155,0.33822728399999996,72.194644
Qatar,3,0.28489647800000006,182.698363,3.93113808,704.610278,4.23008484,407.48084800000004,0.744356279,161.056597,0.34211745900000007,73.156367
Romania,1,0.28145494000000004,180.217157,2.69736055,432.661452,3.26974965,312.455466,0.638076874,137.961663,0.1258784004,26.9339548
Romania,2,0.28254298600000005,181.696368,2.6771639800000004,429.673834,3.23030423,309.46299,0.6379570929999999,138.31777200000002,0.13076496340000002,28.089306899999997
Romania,3,0.28733908399999997,185.001669,2.64456088,423.558814,3.2683760800000003,313.331545,0.637414664,138.432179,0.152349155,32.78908679999999
Russia,1,0.27824532399999996,176.612448,3.2828898099999995,551.262976,3.16527528,300.60268500000006,0.513933151,110.06150329999998,0.14092561,30.3933477
Russia,2,0.276855016,175.948579,3.1808894999999993,530.336873,3.1506822400000005,299.51601700000003,0.514190403,110.213184,0.134043907,28.776756799999998
Russia,3,0.28151519199999997,179.87908599999997,3.0898495400000003,514.378628,3.14047847,299.5961009999999,0.514190457,110.697769,0.155582401,33.4699387
Rwanda,1,0.203725982,128.120466,5.83326864,1041.44787,3.5482069000000003,333.95147899999995,0.588816747,125.138898,0.07530546290000001,15.9800599
Rwanda,2,0.20457333100000002,128.71274060000002,5.46708514,964.191235,3.5652515300000003,335.84333100000003,0.5888237359999999,125.172372,0.0762230515,16.1808031
Rwanda,3,0.20784604699999995,131.902217,5.074219,887.796881,3.6163606600000002,343.25703899999996,0.588763755,126.23470860000002,0.088201259,18.823721499999998
Saint Kitts and Nevis,1,0.27640258799999995,177.30304500000003,3.93775047,713.379662,4.2319451,404.4864759999999,0.9104245719999999,197.373171,0.233446969,49.718998899999995
Saint Kitts and Nevis,2,0.280285866,179.85428300000004,3.93695188,713.907946,4.21130402,402.832191,0.9096422070000001,197.45349699999997,0.263087766,56.068300799999996
Saint Kitts and Nevis,3,0.28218383,180.898046,3.91039905,708.385017,4.2802251,409.53176700000006,0.9097246539999999,197.29398500000002,0.28175956500000005,60.0468259
Saint Lucia,1,0.27406726299999995,175.20399000000003,3.2360484499999997,565.612995,4.23379399,403.560037,0.9264724010000001,200.297416,0.200536695,42.60803980000001
Saint Lucia,2,0.275634544,176.30543700000004,3.2327780000000006,565.6688419999999,4.22362174,402.73758,0.9255314079999998,200.23876,0.206532048,43.92985
Saint Lucia,3,0.276645478,176.75693900000002,3.24280282,567.538845,4.288981390000001,408.89200100000005,0.9245875159999999,199.85763200000002,0.21517497400000002,45.7709395
Saint Vincent and the Grenadines,1,0.26871391999999994,172.528446,3.20734268,561.813058,4.204752620000001,402.090331,0.9094443749999999,197.208214,0.17851782800000002,38.00237679999999
Saint Vincent and the Grenadines,2,0.27120459,173.87769200000002,3.2602618400000005,572.7341640000001,4.18987774,400.372696,0.9090394869999999,196.905432,0.194503723,41.410011299999994
Saint Vincent and the Grenadines,3,0.273410837,175.055467,3.2957447600000003,579.971589,4.26169514,406.96620100000007,0.9090605970000001,196.62581999999998,0.209300133,44.561908800000005
Samoa,1,0.285063106,183.767483,2.9446713200000003,459.021446,3.9171775500000003,375.01074900000003,0.274782594,59.336688300000006,0.08199982400000001,17.7108351
Samoa,2,0.28721195299999996,184.998497,2.84699359,438.286585,3.92983406,376.14379800000006,0.274705924,59.212678600000004,0.08645029550000001,18.689822100000004
Samoa,3,0.288029027,185.301804,2.7891528200000004,425.60447800000003,4.0002234,382.56363300000004,0.274746025,59.185763300000005,0.092113103,19.8314326
San Marino,1,0.283439155,181.129466,4.06003749,721.8169010000001,5.45507615,523.6084010000001,0.9144775519999999,197.14693499999998,0.476364348,100.9108846
San Marino,2,0.28346707200000004,180.996166,4.07817676,724.790985,5.499907499999998,527.53519,0.916745179,197.460155,0.5341498079999999,113.1029565
San Marino,3,0.28214138399999994,179.979788,4.08622711,725.8238909999999,5.53044417,530.169672,0.918430188,197.65070300000002,0.5252465350000001,111.16113150000001
Sao Tome and Principe,1,0.219761382,141.60067,3.663542390000001,610.3424749999999,3.06269362,294.225733,0.565052373,122.317353,0.098905617,21.2206275
Sao Tome and Principe,2,0.22005443900000002,141.679713,3.6641833499999996,610.20947,3.0505434499999997,293.035635,0.5649975890000001,122.31338550000001,0.0980862403,21.0711367
Sao Tome and Principe,3,0.22132338499999998,142.608982,3.65026429,608.292585,3.06632269,294.90693799999997,0.564860261,122.42608400000002,0.10632432139999999,22.847061399999998
Saudi Arabia,1,0.26395869399999994,169.32156,4.00786993,707.72011,4.366259649999999,419.95459900000003,0.7625661829999999,164.977145,0.25317862900000004,54.15922049999999
Saudi Arabia,2,0.261931169,167.69326499999997,4.08387332,722.3082909999999,4.42838859,425.530684,0.7651290860000001,165.392463,0.25271032800000004,54.06752300000001
Saudi Arabia,3,0.262576727,167.788135,4.180455589999999,741.637876,4.52077274,434.18090500000005,0.7630351329999999,164.7448,0.270857129,57.9879352
Senegal,1,0.215286657,137.649171,3.9809505800000005,671.466177,2.8871006500000003,275.53639799999996,0.5528859369999999,118.956919,0.0954403984,20.3532461
Senegal,2,0.21541742,137.855464,3.9436442099999995,663.159883,2.88435088,275.541435,0.552822685,118.97332839999999,0.09557155449999999,20.416727299999998
Senegal,3,0.21558550699999998,138.309098,3.9826668100000004,672.830003,2.88560512,276.239673,0.552778599,119.2352493,0.1001389331,21.397298400000004
Serbia,1,0.28271775899999996,181.779877,3.06455649,509.60376899999994,3.31764237,317.444224,0.5406031920000001,117.1863758,0.12123670789999999,26.008870899999998
Serbia,2,0.282509248,181.718095,2.9302732199999997,481.0678900000001,3.3624539999999996,321.68838900000003,0.540780907,117.20955899999998,0.1228564727,26.4185875
Serbia,3,0.285074638,183.329055,2.8187226699999997,457.60314199999993,3.3538044200000003,320.87134899999995,0.5404964459999999,117.14597160000001,0.138579446,29.808581800000002
Seychelles,1,0.303683778,196.455533,2.7690490399999996,422.3241470000001,3.6929160599999995,354.04303600000003,0.33486898300000006,72.5122165,0.1280509974,27.607419599999997
Seychelles,2,0.30619147999999996,197.96507000000003,2.6690077800000003,401.35017200000004,3.67654941,352.33038,0.33467041799999997,72.4457401,0.13476084800000002,29.0979707
Seychelles,3,0.31044745100000004,200.564284,2.6227761199999997,392.393657,3.71276286,355.527165,0.3342544930000001,72.30983440000001,0.144296415,31.146920299999998
Sierra Leone,1,0.20872016300000001,132.65222599999998,4.23786919,723.946511,3.6023813799999997,342.488349,0.538427729,115.2425747,0.08540788340000001,18.1741047
Sierra Leone,2,0.20619024700000002,131.013782,4.40323852,758.586982,3.62204207,344.21292300000005,0.5383953380000001,115.2702736,0.07780327019999998,16.6297339
Sierra Leone,3,0.207475633,132.638321,4.40803586,763.25669,3.65182268,348.956458,0.538333782,115.91660239999999,0.084497402,18.1013673
Singapore,1,0.311235734,201.99042599999999,2.76395675,508.39071299999995,2.77072161,267.83021700000006,0.7065901259999999,154.4795,0.339056706,72.73383100000001
Singapore,2,0.315307977,205.40270500000003,2.2276666599999997,400.024584,2.7710760800000003,268.51070500000003,0.7153242580000001,156.738536,0.378074653,81.16599499999998
Singapore,3,0.31744503299999993,206.98472600000005,1.96905298,348.486263,2.70829153,262.771619,0.718509833,157.557857,0.429074602,92.08023290000001
Slovakia,1,0.28835611299999997,184.584541,2.91175551,476.30138800000003,3.4625950499999996,330.453662,0.5431859069999999,117.315625,0.14270417600000002,30.5036108
Slovakia,2,0.290680499,186.40807099999998,2.8239326700000005,457.756976,3.4680950800000003,331.511216,0.542956817,117.46953690000001,0.15124154500000003,32.3735087
Slovakia,3,0.294721768,189.006958,2.7076804699999997,434.55252499999995,3.43997054,328.82694100000003,0.5425018030000001,117.40175860000002,0.17375437800000001,37.181976
Slovenia,1,0.294886066,188.62112400000004,3.74219317,649.710684,3.41697867,325.69139299999995,0.548112158,118.1996134,0.15786944900000002,33.7104798
Slovenia,2,0.297244058,189.983018,3.45694887,589.766125,3.4122219199999995,325.159962,0.547440578,118.07001169999998,0.167201992,35.6799934
Slovenia,3,0.29921759800000003,191.85890899999998,3.14819946,526.054683,3.3876713200000004,323.48967000000005,0.546866936,118.18743079999999,0.17961258400000002,38.374275
Solomon Islands,1,0.25805369199999995,165.673126,3.07338116,486.209194,3.907577259999999,373.24198099999995,0.255085213,54.8701454,0.06652571060000001,14.364599100000001
Solomon Islands,2,0.255493653,163.82362,3.02996737,475.84930199999997,3.93148669,375.033356,0.25494812400000005,54.8127253,0.0643155343,13.892593
Solomon Islands,3,0.255399179,163.527719,3.00170255,468.7118909999999,4.00362406,381.77262099999996,0.25486636799999995,54.718766200000005,0.06667304190000001,14.381840300000002
Somalia,1,0.19122980400000003,121.51047510000001,4.88001425,846.644799,3.3342450599999998,315.490673,0.581154365,124.45031339999998,0.04950852539999999,10.6348662
Somalia,2,0.18966252399999997,120.6196034,4.8674786700000015,845.0720490000001,3.3284315299999996,315.46390299999996,0.581164205,124.586949,0.045213761,9.746922700000002
Somalia,3,0.18849775900000001,120.11283350000001,4.83858953,840.288836,3.2889111,312.318243,0.5812042290000001,124.84929550000001,0.0452710959,9.80248035
South Africa,1,0.222175634,140.498648,4.146311249999999,705.587357,3.7994521499999996,359.839893,0.5566923189999999,118.90619070000002,0.14954674699999998,31.673215100000004
South Africa,2,0.22339095400000003,139.964499,4.03644867,678.3762389999999,3.8595462499999997,363.654706,0.55685787,118.20458830000003,0.15154811699999998,31.96576509999999
South Africa,3,0.22493117600000004,141.15267,4.228429820000001,719.508419,3.79430567,357.993151,0.556984312,118.42049850000001,0.16223218300000003,34.2619769
South Korea,1,0.295502327,190.278962,1.92891873,322.1774510000001,3.2965144700000004,317.022565,0.489400913,106.0159529,0.256608495,54.92567140000001
South Korea,2,0.29803339100000004,192.649333,1.9794834899999998,333.47292500000003,3.339962,322.90145300000006,0.49759349099999994,108.1388477,0.29460333099999997,63.1853787
South Korea,3,0.29958950599999995,193.905845,2.10711844,360.98988199999997,3.3740907099999995,325.927045,0.500708685,108.8982618,0.33341611,71.4907604
South Sudan,1,0.228758134,143.87602499999997,4.633537840000001,790.775734,4.74980369,447.05814399999997,0.609918197,129.632703,0.145045913,30.5374658
South Sudan,2,0.229253542,144.013478,4.653188010000001,793.732523,4.810319659999999,452.82983299999995,0.6102559980000001,129.614664,0.14452652299999996,30.437368299999996
South Sudan,3,0.228628391,143.885868,4.6927460199999995,801.66538,4.946933419999999,466.261284,0.610709678,129.89429299999998,0.150423401,31.694556999999996
Spain,1,0.265230195,170.228769,3.85960471,674.138105,4.52211663,433.31219,0.9197578829999999,198.291866,0.4872284639999999,103.86754250000001
Spain,2,0.265796375,170.82014700000002,3.88977188,682.343342,4.54254676,435.61773800000003,0.92222385,199.057702,0.5436614160000001,115.7534478
Spain,3,0.26574440499999996,170.88135200000002,4.53969967,820.2091049999999,5.247729259999999,502.30293100000006,0.924318557,199.374923,0.5821406450000001,123.75778400000002
Sri Lanka,1,0.287996626,185.28723599999995,3.308285,535.5353279999999,3.8309841400000004,365.75914700000004,0.33551941,72.27271950000001,0.0856292445,18.4708303
Sri Lanka,2,0.2913552850000001,187.48222399999997,2.95563919,459.85574800000006,3.8702482799999998,369.545148,0.335573448,72.2540586,0.0954665522,20.590486199999997
Sri Lanka,3,0.29756428000000007,191.536459,2.84861709,437.126938,3.97693596,379.8348439999999,0.335586378,72.28930590000002,0.11174624849999999,24.064284900000004
Sudan,1,0.23048608599999998,147.72982299999998,4.49758438,814.213502,4.66220068,446.6842,0.732655788,158.185372,0.11748469959999999,24.959705700000008
Sudan,2,0.23101528999999998,148.009037,4.47001135,808.512354,4.6667884,447.42394,0.732776847,158.23512599999998,0.1260248219,26.7846302
Sudan,3,0.231634123,148.33924299999998,4.40255961,793.953164,4.708627479999999,451.582992,0.7322381739999999,158.106989,0.14104713,29.991486199999997
Suriname,1,0.27058787300000003,173.17125900000002,4.51236616,836.325408,4.0886477,389.97297999999995,0.8959709659999999,193.736468,0.19077676799999999,40.480062600000004
Suriname,2,0.27153294699999997,173.443148,4.70162095,875.3678110000001,4.08179759,388.97035100000005,0.8962082519999999,193.452234,0.19841886700000003,42.0925587
Suriname,3,0.274945341,175.04364499999997,4.721198460000001,877.4914860000001,4.12731034,392.62204699999995,0.897068694,193.285836,0.22321748000000002,47.3112923
Sweden,1,0.282042624,179.77147899999997,4.237076190000001,754.4739969999999,4.74408119,454.805696,0.9691482650000001,208.7065,0.416323049,88.7137731
Sweden,2,0.28075163599999997,179.30677999999997,4.21474811,749.921488,4.764973920000001,457.29869799999994,0.97330711,209.91462700000002,0.45629721199999995,96.9148246
Sweden,3,0.276460811,176.44405799999998,4.15670152,736.931107,4.792417510000001,459.7430759999999,0.9744824029999999,210.07787,0.49471865699999995,105.38743940000002
Switzerland,1,0.28089332899999997,177.53157000000002,4.30381734,761.017451,6.485050630000001,617.745008,0.9337634460000002,199.535162,0.46967776399999994,102.6011095
Switzerland,2,0.27946418000000006,177.13160500000004,3.5888303199999996,611.3621479999999,6.584650250000001,628.319141,0.9406924350000001,201.38286699999998,0.48282673099999995,104.723173
Switzerland,3,0.280330933,178.04611799999998,3.7214295,636.9695539999999,6.831800199999999,653.09482,0.9422045540000001,202.12201399999998,0.4910301370000001,106.96937739999998
Syria,1,0.246083138,158.22609200000002,4.05015853,721.0424780000001,5.27690298,507.42015899999996,0.767441354,166.329361,0.14722916799999997,31.366887099999996
Syria,2,0.24577316000000002,158.343065,3.97552367,705.893202,5.30998135,511.20737799999995,0.7669541799999999,166.35899700000002,0.155504245,33.137999
Syria,3,0.244062926,156.30493900000002,4.00452509,707.904723,5.51702669,529.113087,0.771717687,166.69279500000002,0.16371377299999998,34.7336523
Taiwan,1,0.296045695,192.522952,2.48336317,362.01226299999996,3.77160852,364.63596300000006,0.193938879,42.155841599999995,0.13299830799999998,28.659459699999996
Taiwan,2,0.30061988500000003,195.43155099999998,2.55817359,377.35157899999996,3.6958167700000004,356.98716899999994,0.19388865700000002,42.154796,0.15053261199999998,32.4330699
Taiwan,3,0.309905371,201.626699,2.5778606500000003,381.061679,3.66008586,353.756487,0.193813034,42.1742603,0.16589290500000003,35.7311636
Tajikistan,1,0.265625138,171.679856,2.94234741,485.4122309999999,2.37273724,227.73932000000005,0.5161783810000001,112.1420212,0.08908535840000001,19.2300635
Tajikistan,2,0.260965839,168.68670899999998,2.82075359,460.2076710000001,2.36884708,227.46307800000005,0.516061602,112.1564127,0.07471636499999999,16.17127345
Tajikistan,3,0.262986334,170.058835,2.78564337,452.860764,2.3921321100000004,229.80248899999998,0.5160426770000001,112.161083,0.08469684,18.360912
Tanzania,1,0.207745164,130.91120300000003,4.79908942,825.0106489999998,3.7044639700000004,348.925794,0.591085483,125.8167995,0.085618057,18.0717527
Tanzania,2,0.20919246600000002,132.367553,4.68737805,804.601231,3.7249034199999995,352.2562259999999,0.591104236,126.3276405,0.0880076146,18.678658499999997
Tanzania,3,0.211402339,134.97356299999998,4.619603810000001,794.8654560000002,3.79525455,361.215181,0.591078126,127.21486359999999,0.0993704301,21.2011651
Thailand,1,0.289533297,186.26358399999998,2.8727951099999998,441.989307,3.2829411399999997,313.869671,0.32985694500000007,71.1130574,0.10254063919999998,22.101211
Thailand,2,0.293322834,189.199137,2.9147084199999997,451.656015,3.29547497,315.89197700000005,0.329812159,71.2860271,0.11305481610000001,24.3769083
Thailand,3,0.29849714,193.227687,2.86845166,442.532505,3.35965935,322.854744,0.329788168,71.4851743,0.126321813,27.257460100000003
Togo,1,0.20836494500000002,133.133284,4.4107175,761.859929,3.5228076199999996,336.178143,0.539580168,116.10390049999998,0.08819697300000001,18.8093978
Togo,2,0.20750936899999997,132.532228,4.4875861,777.8525089999999,3.53656927,337.43951899999996,0.539620881,116.1198583,0.085439668,18.2410028
Togo,3,0.206984141,132.52667200000002,4.4933798,780.614307,3.5808047299999997,342.487868,0.5395715919999999,116.40367429999999,0.0868067592,18.596432900000003
Tokelau,1,0.28134075199999997,181.467104,3.1658832000000006,503.05720600000006,3.98283315,381.15928299999996,0.27463892999999995,59.2297628,0.0824858285,17.7887568
Tokelau,2,0.284929377,183.47304799999998,3.1405060199999992,498.28416,3.9592264399999997,378.74433,0.27459782,59.174199,0.08731329169999999,18.8281216
Tokelau,3,0.289333126,186.148137,3.12857211,496.5081330000001,4.00011451,382.488312,0.27465424400000005,59.175184,0.0975992306,20.9846853
Tonga,1,0.290328915,187.01823299999998,2.7002017099999995,405.904476,3.9586470900000004,379.181723,0.282073256,60.878114200000006,0.084581722,18.212453099999998
Tonga,2,0.291674517,188.10183,2.6737018900000002,400.6600460000001,3.9648481100000006,379.65227699999997,0.281816108,60.8055785,0.08704957719999998,18.7662215
Tonga,3,0.291431677,187.81818900000002,2.6669301699999997,398.7897300000001,4.039347279999999,386.67631900000003,0.281877276,60.80050990000001,0.0905545234,19.4896257
Trinidad and Tobago,1,0.275014208,176.259282,3.951134089999999,718.919476,3.74646111,357.98011099999997,0.909310866,196.957085,0.21162646000000002,45.0290446
Trinidad and Tobago,2,0.280332425,179.39279000000002,3.8207834499999995,691.3072559999999,3.7513818300000006,358.540961,0.909081953,196.930833,0.24308105700000002,51.736664700000006
Trinidad and Tobago,3,0.28559794499999996,182.686671,3.7813944,682.721993,3.83050474,365.96837199999993,0.90890933,196.759412,0.28013392800000003,59.63036149999999
Tunisia,1,0.252688973,162.796483,5.039333149999999,930.1593399999999,4.933511889999999,475.69391699999994,0.786880137,170.803561,0.168320779,35.885997499999995
Tunisia,2,0.253149966,163.001439,5.03037487,926.568815,4.97402447,479.410935,0.787560701,170.87198600000002,0.18394307,39.2242813
Tunisia,3,0.252947527,162.67865799999998,5.00457443,920.7524139999999,5.094089540000001,490.667944,0.7879365089999999,170.734913,0.200345781,42.692329099999995
Turkey,1,0.24727572199999998,158.71191900000002,4.01990713,713.040862,4.077961119999999,391.953347,0.796480101,172.186049,0.20443792800000002,43.346165500000005
Turkey,2,0.24752261,158.751602,4.170191630000001,744.9563890000001,4.419147449999999,424.53654099999994,0.7966487419999999,172.232371,0.23749197900000002,50.368492399999994
Turkey,3,0.24797213099999996,158.93223199999997,4.02960979,714.429268,4.479763230000001,430.08808200000004,0.79602523,172.057267,0.2773550509999999,58.8694113
Turkmenistan,1,0.270079335,174.55687700000004,3.22210677,543.75003,2.28047458,218.917705,0.5068247090000001,110.07962750000002,0.11176121409999999,24.0047309
Turkmenistan,2,0.26938164600000003,174.082342,3.1483498699999997,528.949896,2.28578891,219.48820800000004,0.5064901430000001,109.9945819,0.10809156050000002,23.251925699999997
Turkmenistan,3,0.277721155,179.636611,3.0594629899999997,510.82144200000005,2.31959999,223.027758,0.506071941,110.11247309999999,0.13857295060000002,29.806879899999995
Tuvalu,1,0.269878149,173.69505800000002,3.17950135,503.89317300000005,4.01551586,383.806512,0.26820241499999997,57.751913999999985,0.0746589336,16.074046199999998
Tuvalu,2,0.27363630400000005,175.98141600000002,3.1476838199999997,498.32224600000006,3.9711562700000003,379.492681,0.267917757,57.721593000000006,0.0782325301,16.864306
Tuvalu,3,0.27460637,176.511907,3.13049672,495.8059720000001,4.002091989999999,382.21319400000004,0.267587113,57.54887170000001,0.07970354839999999,17.2000156
Uganda,1,0.20181954199999996,126.27111249999999,7.2386411100000005,1338.3859800000002,3.8815654699999995,364.983617,0.581841202,123.38978410000001,0.07577771159999999,16.0585112
Uganda,2,0.20485158399999998,129.174376,7.48711481,1397.3007700000003,3.920812500000001,370.56443799999994,0.581895173,124.1507967,0.08206012709999999,17.469518800000003
Uganda,3,0.206733841,131.486252,6.7032175899999995,1236.32937,4.05926643,386.14899199999996,0.58186097,125.00443809999999,0.0917194546,19.610558400000006
Ukraine,1,0.273005408,174.118401,4.4469403100000005,795.4057389999999,3.0538103399999996,291.039288,0.521584242,112.09105890000001,0.1176688921,25.3044229
Ukraine,2,0.269916361,172.758988,4.33240333,774.1625349999999,2.89825498,277.03065,0.5215459689999999,112.4775195,0.1059154881,22.8657381
Ukraine,3,0.27154394900000006,174.050705,3.93707298,692.3430099999999,3.1220854499999997,298.743336,0.5214045919999999,112.57202950000001,0.11882638100000001,25.6301118
United Arab Emirates,1,0.284379564,182.829965,3.7954989699999997,674.986745,4.12671862,397.15793599999995,0.748878258,162.30168299999997,0.333225404,71.0957876
United Arab Emirates,2,0.28245038899999997,181.31757899999997,3.6699538400000002,648.375703,4.126078780000001,397.13561300000003,0.745726606,161.540308,0.319038142,68.11448670000001
United Arab Emirates,3,0.27617693,177.442859,3.5391441299999995,621.326558,4.1515181299999995,399.928833,0.7457187249999999,161.602901,0.29129783200000003,62.22702730000001
United Kingdom,1,0.25133753999999997,159.00277599999998,4.34847573,775.005042,4.310331209999999,410.58328300000005,1.08778905,232.40350400000003,0.36017844200000004,76.59891509999999
United Kingdom,2,0.25182883999999994,159.22299199999998,4.095744399999999,721.413988,4.3547004000000005,414.248045,1.09319393,233.49330000000003,0.39202140500000004,83.6455111
United Kingdom,3,0.26427759199999995,167.30180599999997,4.0730394400000005,716.5961560000001,4.47245874,425.840124,1.09470775,234.09207699999996,0.41572292,88.55911660000001
United States,1,0.4455554709999999,280.62567900000005,4.19411289,724.1042659999999,5.55681197,522.9067269999999,0.605188367,129.081747,0.4398645419999999,92.9401954
United States,2,0.45820377999999995,288.64991100000003,4.49253931,816.8045420000001,6.21632757,585.971912,0.60329371,128.66597000000002,0.454530414,96.19495319999999
United States,3,0.444679215,278.947092,4.41797131,792.0193849999999,5.41769244,509.8008280000001,0.6016532350000001,127.96137399999998,0.433450609,91.64194439999999
United States Virgin Islands,1,0.288130618,185.688156,3.21730064,565.888556,4.255716220000001,408.45480900000007,0.9202011719999998,200.232863,0.29802263500000004,63.4859859
United States Virgin Islands,2,0.29545026599999996,189.91817600000002,3.2493703100000007,571.8503499999999,4.2721236000000005,409.8340260000001,0.9212240919999999,200.14637,0.34866987699999996,74.19357600000001
United States Virgin Islands,3,0.29702672900000004,190.65085300000004,3.28924169,579.4474520000001,4.3388380799999995,415.68913699999996,0.9201889809999999,199.69141899999997,0.36169122700000006,76.9704611
Uruguay,1,0.311138268,200.138362,2.5371561300000005,445.6946029999999,5.02857584,482.79664199999996,0.9301409570000001,201.66061299999998,0.29064119999999993,62.00982220000001
Uruguay,2,0.31150489000000003,200.31787000000003,2.6921737200000004,478.147631,5.051497240000001,485.125861,0.9677774299999999,209.949067,0.299291131,63.822857899999995
Uruguay,3,0.312779861,200.92673799999997,2.8238292099999995,505.559208,5.11753915,491.10044,0.984198355,213.29017799999997,0.33441134000000006,71.2317175
Uzbekistan,1,0.26461587400000003,170.520691,3.29807652,558.0893130000001,2.0261554599999996,193.930361,0.511358561,110.7580886,0.0920957053,19.7654101
Uzbekistan,2,0.26499825699999996,170.667663,3.2310013399999997,544.396241,2.0277977500000004,194.15696,0.511358391,110.81760750000001,0.0913646635,19.647948500000002
Uzbekistan,3,0.26847807799999995,173.224869,3.1720894700000004,532.576487,2.01773233,193.431914,0.511351285,110.99765500000001,0.10761417250000001,23.1300274
Vanuatu,1,0.27173413700000004,173.893588,3.07172785,484.67602400000004,3.9184064500000004,373.53092699999996,0.266542114,57.1691236,0.0740933824,15.8941472
Vanuatu,2,0.27095891099999997,173.41965599999997,3.01465581,472.1150329999999,3.93929027,375.720874,0.26654266299999996,57.207547399999996,0.07389566890000002,15.865084000000001
Vanuatu,3,0.270997267,173.382965,2.97316813,462.6638889999999,4.00315747,381.58642399999997,0.266510008,57.13824619999999,0.07642752059999999,16.407091700000002
Venezuela,1,0.27709217900000005,177.949773,3.20307236,565.3403119999999,3.7689489200000006,361.22600700000004,0.829622351,179.98301500000005,0.21488728899999998,45.77528039999999
Venezuela,2,0.27632099600000004,177.66813199999999,3.2118604599999996,567.9637240000001,3.7978921999999997,364.286361,0.8292682929999999,180.090916,0.209394642,44.65221319999999
Venezuela,3,0.278718238,179.112602,3.19677614,564.8911959999999,3.9252407700000007,376.50586200000004,0.8292506989999999,180.025442,0.221957795,47.3394919
Vietnam,1,0.30915021,200.748605,2.5936120700000003,383.79407699999996,2.26861749,217.743019,0.336824221,73.0150125,0.06436736330000001,14.00208465
Vietnam,2,0.31430531500000003,204.77452900000003,2.54314393,374.94892500000003,2.07981859,199.95849999999996,0.336368409,73.1175634,0.07423094649999999,16.15645135
Vietnam,3,0.320279182,208.649291,2.4762816500000002,361.11164199999996,2.19957614,211.82279,0.336156889,73.09424190000001,0.08770605000000001,19.0804295
World,1,0.289710044,185.253009,3.5661988800000004,605.598634,3.78752317,360.4089190000001,0.48868539199999994,104.83643070000001,0.151046138,32.2976403
World,2,0.288634804,184.893543,3.54592806,601.222151,3.80573432,362.459057,0.48737172900000003,104.708405,0.155232849,33.2279239
World,3,0.288285515,184.85297999999997,3.42340559,574.5690649999999,3.7783198,360.283386,0.48856929400000004,105.15632839999998,0.16826017099999996,36.0014958
Yemen,1,0.231701082,147.101213,4.8938983,891.160486,4.77965344,454.85750899999994,0.725542616,155.530205,0.12961065100000002,27.3198684
Yemen,2,0.231909608,147.46560100000002,4.9080163,895.096331,4.79362397,456.68927600000006,0.725500044,155.684308,0.136567191,28.806849500000006
Yemen,3,0.22934611300000002,146.02096999999998,4.889349169999999,891.0181140000001,4.778972350000001,455.44528099999997,0.7258816589999999,155.77778,0.137223382,28.9631979
Zambia,1,0.20783367999999997,130.93691299999998,4.23569693,709.5920100000001,3.7630468200000005,355.21854399999995,0.5744241539999999,122.349917,0.0962287915,20.3860112
Zambia,2,0.20820163999999997,130.854573,4.1667670999999995,694.589895,3.8007009599999995,358.289539,0.5744966290000001,122.20879260000001,0.09515405360000001,20.1776017
Zambia,3,0.211201886,133.606853,4.1711195199999995,698.176303,3.92811634,371.82833899999997,0.574489084,122.80927590000002,0.10972985470000003,23.311266999999997
Zimbabwe,1,0.207682314,131.39404799999997,3.31500837,529.1821969999999,3.165133,300.604803,0.5384545839999999,115.2383779,0.1105276526,23.4327264
Zimbabwe,2,0.20459380699999996,128.138398,3.33718976,530.060149,3.1993303299999996,302.358884,0.538542249,114.56332770000002,0.1019571236,21.6052351
Zimbabwe,3,0.20115449500000002,127.02327300000002,3.3851046499999997,541.668606,3.17866223,301.725521,0.5385931439999999,115.15156100000002,0.09493598489999999,20.283827799999997
